[
  {
    "id": "usacfi-fhir",
    "type": "ImplementationGuide",
    "url": "http://fhir.usacfi.net/ImplementationGuide/usacfi-fhir",
    "version": "0.1.0-test",
    "name": "USACFIIG"
  },
  {
    "id": "PatientEncounterModel",
    "type": "StructureDefinition",
    "url": "http://fhir.usacfi.net/StructureDefinition/PatientEncounterModel",
    "version": "0.1.0-test",
    "name": "PatientEncounterModel"
  },
  {
    "id": "ObservationVitalsSignsVS",
    "type": "ValueSet",
    "url": "http://fhir.usacfi.net/ValueSet/ObservationVitalsSignsVS",
    "version": "0.1.0-test",
    "name": "ObservationVitalsSignsVS"
  }
]