[
  {
    "id": "usacfi-fhir",
    "type": "ImplementationGuide",
    "url": "http://fhir.usacfi.net/ImplementationGuide/usacfi-fhir",
    "version": "0.1.0-test",
    "name": "USACFIIG"
  },
  {
    "id": "UnEMREncounterModel",
    "type": "StructureDefinition",
    "url": "http://fhir.usacfi.net/StructureDefinition/UnEMREncounterModel",
    "version": "0.1.0-test",
    "name": "UnEMREncounterModel"
  },
  {
    "id": "UnEMRPatientModel",
    "type": "StructureDefinition",
    "url": "http://fhir.usacfi.net/StructureDefinition/UnEMRPatientModel",
    "version": "0.1.0-test",
    "name": "UnEMRPatientModel"
  },
  {
    "id": "UnEMRProviderModel",
    "type": "StructureDefinition",
    "url": "http://fhir.usacfi.net/StructureDefinition/UnEMRProviderModel",
    "version": "0.1.0-test",
    "name": "UnEMRProviderModel"
  },
  {
    "id": "ObservationVitalsSignsVS",
    "type": "ValueSet",
    "url": "http://fhir.usacfi.net/ValueSet/ObservationVitalsSignsVS",
    "version": "0.1.0-test",
    "name": "ObservationVitalsSignsVS"
  }
]