<?xml version="1.0" encoding="UTF-8"?><StructureDefinition xmlns="http://hl7.org/fhir"><id value="PatientEncounterModel"/><text><status value="extensions"/><div xmlns="http://www.w3.org/1999/xhtml"><table border="0" cellpadding="0" cellspacing="0" style="border: 0px #F0F0F0 solid; font-size: 11px; font-family: verdana; vertical-align: top;"><tr style="border: 1px #F0F0F0 solid; font-size: 11px; font-family: verdana; vertical-align: top"><th style="vertical-align: top; text-align : left; background-color: white; border: 0px #F0F0F0 solid; padding:0px 4px 0px 4px" class="hierarchy"><a href="http://hl7.org/fhir/R4/formats.html#table" title="The logical name of the element">Name</a></th><th style="vertical-align: top; text-align : left; background-color: white; border: 0px #F0F0F0 solid; padding:0px 4px 0px 4px" class="hierarchy"><a href="http://hl7.org/fhir/R4/formats.html#table" title="Information about the use of the element">Flags</a></th><th style="vertical-align: top; text-align : left; background-color: white; border: 0px #F0F0F0 solid; padding:0px 4px 0px 4px" class="hierarchy"><a href="http://hl7.org/fhir/R4/formats.html#table" title="Minimum and Maximum # of times the the element can appear in the instance">Card.</a></th><th style="width: 100px" class="hierarchy"><a href="http://hl7.org/fhir/R4/formats.html#table" title="Reference to the type of the element">Type</a></th><th style="vertical-align: top; text-align : left; background-color: white; border: 0px #F0F0F0 solid; padding:0px 4px 0px 4px" class="hierarchy"><a href="http://hl7.org/fhir/R4/formats.html#table" title="Additional information about the element">Description &amp; Constraints</a><span style="float: right"><a href="http://hl7.org/fhir/R4/formats.html#table" title="Legend for this format"><img src="http://hl7.org/fhir/R4/help16.png" alt="doco" style="background-color: inherit"/></a></span></th></tr><tr style="border: 0px #F0F0F0 solid; padding:0px; vertical-align: top; background-color: white"><td style="vertical-align: top; text-align : left; background-color: white; border: 0px #F0F0F0 solid; padding:0px 4px 0px 4px; white-space: nowrap; background-image: url(tbl_bck1.png)" class="hierarchy"><img src="tbl_spacer.png" alt="." style="background-color: inherit" class="hierarchy"/><img src="icon_element.gif" alt="." style="background-color: white; background-color: inherit" title="Element" class="hierarchy"/> <a href="StructureDefinition-PatientEncounterModel-definitions.html#PatientEncounterModel" title="Logical model describing a basic patient encounter/consultation workflow generally implemented by the EMR/MRS technologies supported">PatientEncounterModel</a><a name="PatientEncounterModel"> </a></td><td style="vertical-align: top; text-align : left; background-color: white; border: 0px #F0F0F0 solid; padding:0px 4px 0px 4px" class="hierarchy"/><td style="vertical-align: top; text-align : left; background-color: white; border: 0px #F0F0F0 solid; padding:0px 4px 0px 4px" class="hierarchy"><span style="opacity: 0.5">0</span><span style="opacity: 0.5">..</span><span style="opacity: 0.5">*</span></td><td style="vertical-align: top; text-align : left; background-color: white; border: 0px #F0F0F0 solid; padding:0px 4px 0px 4px" class="hierarchy"/><td style="vertical-align: top; text-align : left; background-color: white; border: 0px #F0F0F0 solid; padding:0px 4px 0px 4px" class="hierarchy">Patient Encounter Logical Model</td></tr>
<tr style="border: 0px #F0F0F0 solid; padding:0px; vertical-align: top; background-color: #F7F7F7"><td style="vertical-align: top; text-align : left; background-color: #F7F7F7; border: 0px #F0F0F0 solid; padding:0px 4px 0px 4px; white-space: nowrap; background-image: url(tbl_bck10.png)" class="hierarchy"><img src="tbl_spacer.png" alt="." style="background-color: inherit" class="hierarchy"/><img src="tbl_vjoin.png" alt="." style="background-color: inherit" class="hierarchy"/><img src="icon_reference.png" alt="." style="background-color: #F7F7F7; background-color: inherit" title="Reference to another Resource" class="hierarchy"/> <a href="StructureDefinition-PatientEncounterModel-definitions.html#PatientEncounterModel.patient" title="The subject of the medical consultation">patient</a><a name="PatientEncounterModel.patient"> </a></td><td style="vertical-align: top; text-align : left; background-color: #F7F7F7; border: 0px #F0F0F0 solid; padding:0px 4px 0px 4px" class="hierarchy"/><td style="vertical-align: top; text-align : left; background-color: #F7F7F7; border: 0px #F0F0F0 solid; padding:0px 4px 0px 4px" class="hierarchy">1..1</td><td style="vertical-align: top; text-align : left; background-color: #F7F7F7; border: 0px #F0F0F0 solid; padding:0px 4px 0px 4px" class="hierarchy"><a href="http://hl7.org/fhir/R4/references.html">Reference</a>()</td><td style="vertical-align: top; text-align : left; background-color: #F7F7F7; border: 0px #F0F0F0 solid; padding:0px 4px 0px 4px" class="hierarchy">The subject of the medical consultation</td></tr>
<tr style="border: 0px #F0F0F0 solid; padding:0px; vertical-align: top; background-color: white"><td style="vertical-align: top; text-align : left; background-color: white; border: 0px #F0F0F0 solid; padding:0px 4px 0px 4px; white-space: nowrap; background-image: url(tbl_bck10.png)" class="hierarchy"><img src="tbl_spacer.png" alt="." style="background-color: inherit" class="hierarchy"/><img src="tbl_vjoin.png" alt="." style="background-color: inherit" class="hierarchy"/><img src="icon_reference.png" alt="." style="background-color: white; background-color: inherit" title="Reference to another Resource" class="hierarchy"/> <a href="StructureDefinition-PatientEncounterModel-definitions.html#PatientEncounterModel.provider" title="The provider handling the patient">provider</a><a name="PatientEncounterModel.provider"> </a></td><td style="vertical-align: top; text-align : left; background-color: white; border: 0px #F0F0F0 solid; padding:0px 4px 0px 4px" class="hierarchy"/><td style="vertical-align: top; text-align : left; background-color: white; border: 0px #F0F0F0 solid; padding:0px 4px 0px 4px" class="hierarchy">1..1</td><td style="vertical-align: top; text-align : left; background-color: white; border: 0px #F0F0F0 solid; padding:0px 4px 0px 4px" class="hierarchy"><a href="http://hl7.org/fhir/R4/references.html">Reference</a>()</td><td style="vertical-align: top; text-align : left; background-color: white; border: 0px #F0F0F0 solid; padding:0px 4px 0px 4px" class="hierarchy">The provider handling the patient</td></tr>
<tr style="border: 0px #F0F0F0 solid; padding:0px; vertical-align: top; background-color: #F7F7F7"><td style="vertical-align: top; text-align : left; background-color: #F7F7F7; border: 0px #F0F0F0 solid; padding:0px 4px 0px 4px; white-space: nowrap; background-image: url(tbl_bck01.png)" class="hierarchy"><img src="tbl_spacer.png" alt="." style="background-color: inherit" class="hierarchy"/><img src="tbl_vjoin_end.png" alt="." style="background-color: inherit" class="hierarchy"/><img src="icon_datatype.gif" alt="." style="background-color: #F7F7F7; background-color: inherit" title="Data Type" class="hierarchy"/> <a href="StructureDefinition-PatientEncounterModel-definitions.html#PatientEncounterModel.encounter" title="Recording of the consultation event which includes complaints of the patient, the practioner handling the encounter, the observations, the diagnoses, the treatment plan, and the outcome of the consultation">encounter</a><a name="PatientEncounterModel.encounter"> </a></td><td style="vertical-align: top; text-align : left; background-color: #F7F7F7; border: 0px #F0F0F0 solid; padding:0px 4px 0px 4px" class="hierarchy"/><td style="vertical-align: top; text-align : left; background-color: #F7F7F7; border: 0px #F0F0F0 solid; padding:0px 4px 0px 4px" class="hierarchy">0..*</td><td style="vertical-align: top; text-align : left; background-color: #F7F7F7; border: 0px #F0F0F0 solid; padding:0px 4px 0px 4px" class="hierarchy"><a href="http://hl7.org/fhir/R4/datatypes.html#BackboneElement">BackboneElement</a></td><td style="vertical-align: top; text-align : left; background-color: #F7F7F7; border: 0px #F0F0F0 solid; padding:0px 4px 0px 4px" class="hierarchy">Recording of the consultation<br/></td></tr>
<tr style="border: 0px #F0F0F0 solid; padding:0px; vertical-align: top; background-color: white"><td style="vertical-align: top; text-align : left; background-color: white; border: 0px #F0F0F0 solid; padding:0px 4px 0px 4px; white-space: nowrap; background-image: url(tbl_bck010.png)" class="hierarchy"><img src="tbl_spacer.png" alt="." style="background-color: inherit" class="hierarchy"/><img src="tbl_blank.png" alt="." style="background-color: inherit" class="hierarchy"/><img src="tbl_vjoin.png" alt="." style="background-color: inherit" class="hierarchy"/><img src="icon_primitive.png" alt="." style="background-color: white; background-color: inherit" title="Primitive Data Type" class="hierarchy"/> <a href="StructureDefinition-PatientEncounterModel-definitions.html#PatientEncounterModel.encounter.dateOfEncounter" title="Date of consultation">dateOfEncounter</a><a name="PatientEncounterModel.encounter.dateOfEncounter"> </a></td><td style="vertical-align: top; text-align : left; background-color: white; border: 0px #F0F0F0 solid; padding:0px 4px 0px 4px" class="hierarchy"/><td style="vertical-align: top; text-align : left; background-color: white; border: 0px #F0F0F0 solid; padding:0px 4px 0px 4px" class="hierarchy">1..1</td><td style="vertical-align: top; text-align : left; background-color: white; border: 0px #F0F0F0 solid; padding:0px 4px 0px 4px" class="hierarchy"><a href="http://hl7.org/fhir/R4/datatypes.html#dateTime">dateTime</a></td><td style="vertical-align: top; text-align : left; background-color: white; border: 0px #F0F0F0 solid; padding:0px 4px 0px 4px" class="hierarchy">Date of consultation</td></tr>
<tr style="border: 0px #F0F0F0 solid; padding:0px; vertical-align: top; background-color: #F7F7F7"><td style="vertical-align: top; text-align : left; background-color: #F7F7F7; border: 0px #F0F0F0 solid; padding:0px 4px 0px 4px; white-space: nowrap; background-image: url(tbl_bck010.png)" class="hierarchy"><img src="tbl_spacer.png" alt="." style="background-color: inherit" class="hierarchy"/><img src="tbl_blank.png" alt="." style="background-color: inherit" class="hierarchy"/><img src="tbl_vjoin.png" alt="." style="background-color: inherit" class="hierarchy"/><img src="icon_datatype.gif" alt="." style="background-color: #F7F7F7; background-color: inherit" title="Data Type" class="hierarchy"/> <a href="StructureDefinition-PatientEncounterModel-definitions.html#PatientEncounterModel.encounter.purposeOfEncounter" title="Purpose of consultation (e.g. check-up, follow-up, new health issue)">purposeOfEncounter</a><a name="PatientEncounterModel.encounter.purposeOfEncounter"> </a></td><td style="vertical-align: top; text-align : left; background-color: #F7F7F7; border: 0px #F0F0F0 solid; padding:0px 4px 0px 4px" class="hierarchy"/><td style="vertical-align: top; text-align : left; background-color: #F7F7F7; border: 0px #F0F0F0 solid; padding:0px 4px 0px 4px" class="hierarchy">1..1</td><td style="vertical-align: top; text-align : left; background-color: #F7F7F7; border: 0px #F0F0F0 solid; padding:0px 4px 0px 4px" class="hierarchy"><a href="http://hl7.org/fhir/R4/datatypes.html#CodeableConcept">CodeableConcept</a></td><td style="vertical-align: top; text-align : left; background-color: #F7F7F7; border: 0px #F0F0F0 solid; padding:0px 4px 0px 4px" class="hierarchy">Purpose of consultation</td></tr>
<tr style="border: 0px #F0F0F0 solid; padding:0px; vertical-align: top; background-color: white"><td style="vertical-align: top; text-align : left; background-color: white; border: 0px #F0F0F0 solid; padding:0px 4px 0px 4px; white-space: nowrap; background-image: url(tbl_bck010.png)" class="hierarchy"><img src="tbl_spacer.png" alt="." style="background-color: inherit" class="hierarchy"/><img src="tbl_blank.png" alt="." style="background-color: inherit" class="hierarchy"/><img src="tbl_vjoin.png" alt="." style="background-color: inherit" class="hierarchy"/><img src="icon_datatype.gif" alt="." style="background-color: white; background-color: inherit" title="Data Type" class="hierarchy"/> <a href="StructureDefinition-PatientEncounterModel-definitions.html#PatientEncounterModel.encounter.complaints" title="Issues and complaints reported by the patient">complaints</a><a name="PatientEncounterModel.encounter.complaints"> </a></td><td style="vertical-align: top; text-align : left; background-color: white; border: 0px #F0F0F0 solid; padding:0px 4px 0px 4px" class="hierarchy"/><td style="vertical-align: top; text-align : left; background-color: white; border: 0px #F0F0F0 solid; padding:0px 4px 0px 4px" class="hierarchy">0..*</td><td style="vertical-align: top; text-align : left; background-color: white; border: 0px #F0F0F0 solid; padding:0px 4px 0px 4px" class="hierarchy"><a href="http://hl7.org/fhir/R4/datatypes.html#CodeableConcept">CodeableConcept</a></td><td style="vertical-align: top; text-align : left; background-color: white; border: 0px #F0F0F0 solid; padding:0px 4px 0px 4px" class="hierarchy">Issues and complaints from the patient<br/></td></tr>
<tr style="border: 0px #F0F0F0 solid; padding:0px; vertical-align: top; background-color: #F7F7F7"><td style="vertical-align: top; text-align : left; background-color: #F7F7F7; border: 0px #F0F0F0 solid; padding:0px 4px 0px 4px; white-space: nowrap; background-image: url(tbl_bck010.png)" class="hierarchy"><img src="tbl_spacer.png" alt="." style="background-color: inherit" class="hierarchy"/><img src="tbl_blank.png" alt="." style="background-color: inherit" class="hierarchy"/><img src="tbl_vjoin.png" alt="." style="background-color: inherit" class="hierarchy"/><img src="icon_datatype.gif" alt="." style="background-color: #F7F7F7; background-color: inherit" title="Data Type" class="hierarchy"/> <a href="StructureDefinition-PatientEncounterModel-definitions.html#PatientEncounterModel.encounter.observations" title="Procedures performed by the provider to assess and diagnose the issue. Values typically selected from LOINC codes">observations</a><a name="PatientEncounterModel.encounter.observations"> </a></td><td style="vertical-align: top; text-align : left; background-color: #F7F7F7; border: 0px #F0F0F0 solid; padding:0px 4px 0px 4px" class="hierarchy"/><td style="vertical-align: top; text-align : left; background-color: #F7F7F7; border: 0px #F0F0F0 solid; padding:0px 4px 0px 4px" class="hierarchy">0..*</td><td style="vertical-align: top; text-align : left; background-color: #F7F7F7; border: 0px #F0F0F0 solid; padding:0px 4px 0px 4px" class="hierarchy"><a href="http://hl7.org/fhir/R4/datatypes.html#CodeableConcept">CodeableConcept</a></td><td style="vertical-align: top; text-align : left; background-color: #F7F7F7; border: 0px #F0F0F0 solid; padding:0px 4px 0px 4px" class="hierarchy">Procedures performed by the provider for assessment<br/></td></tr>
<tr style="border: 0px #F0F0F0 solid; padding:0px; vertical-align: top; background-color: white"><td style="vertical-align: top; text-align : left; background-color: white; border: 0px #F0F0F0 solid; padding:0px 4px 0px 4px; white-space: nowrap; background-image: url(tbl_bck010.png)" class="hierarchy"><img src="tbl_spacer.png" alt="." style="background-color: inherit" class="hierarchy"/><img src="tbl_blank.png" alt="." style="background-color: inherit" class="hierarchy"/><img src="tbl_vjoin.png" alt="." style="background-color: inherit" class="hierarchy"/><img src="icon_datatype.gif" alt="." style="background-color: white; background-color: inherit" title="Data Type" class="hierarchy"/> <a href="StructureDefinition-PatientEncounterModel-definitions.html#PatientEncounterModel.encounter.diagnosis" title="Diagnosis of the issue. Values typically selected from SNOMED CT or ICD-10 codes">diagnosis</a><a name="PatientEncounterModel.encounter.diagnosis"> </a></td><td style="vertical-align: top; text-align : left; background-color: white; border: 0px #F0F0F0 solid; padding:0px 4px 0px 4px" class="hierarchy"/><td style="vertical-align: top; text-align : left; background-color: white; border: 0px #F0F0F0 solid; padding:0px 4px 0px 4px" class="hierarchy">0..*</td><td style="vertical-align: top; text-align : left; background-color: white; border: 0px #F0F0F0 solid; padding:0px 4px 0px 4px" class="hierarchy"><a href="http://hl7.org/fhir/R4/datatypes.html#CodeableConcept">CodeableConcept</a></td><td style="vertical-align: top; text-align : left; background-color: white; border: 0px #F0F0F0 solid; padding:0px 4px 0px 4px" class="hierarchy">Diagnosis of the issue<br/></td></tr>
<tr style="border: 0px #F0F0F0 solid; padding:0px; vertical-align: top; background-color: #F7F7F7"><td style="vertical-align: top; text-align : left; background-color: #F7F7F7; border: 0px #F0F0F0 solid; padding:0px 4px 0px 4px; white-space: nowrap; background-image: url(tbl_bck010.png)" class="hierarchy"><img src="tbl_spacer.png" alt="." style="background-color: inherit" class="hierarchy"/><img src="tbl_blank.png" alt="." style="background-color: inherit" class="hierarchy"/><img src="tbl_vjoin.png" alt="." style="background-color: inherit" class="hierarchy"/><img src="icon_primitive.png" alt="." style="background-color: #F7F7F7; background-color: inherit" title="Primitive Data Type" class="hierarchy"/> <a href="StructureDefinition-PatientEncounterModel-definitions.html#PatientEncounterModel.encounter.treatmentPlan" title="Treatment plan to resolve issue">treatmentPlan</a><a name="PatientEncounterModel.encounter.treatmentPlan"> </a></td><td style="vertical-align: top; text-align : left; background-color: #F7F7F7; border: 0px #F0F0F0 solid; padding:0px 4px 0px 4px" class="hierarchy"/><td style="vertical-align: top; text-align : left; background-color: #F7F7F7; border: 0px #F0F0F0 solid; padding:0px 4px 0px 4px" class="hierarchy">0..1</td><td style="vertical-align: top; text-align : left; background-color: #F7F7F7; border: 0px #F0F0F0 solid; padding:0px 4px 0px 4px" class="hierarchy"><a href="http://hl7.org/fhir/R4/datatypes.html#string">string</a></td><td style="vertical-align: top; text-align : left; background-color: #F7F7F7; border: 0px #F0F0F0 solid; padding:0px 4px 0px 4px" class="hierarchy">Treatment plan to resolve issue</td></tr>
<tr style="border: 0px #F0F0F0 solid; padding:0px; vertical-align: top; background-color: white"><td style="vertical-align: top; text-align : left; background-color: white; border: 0px #F0F0F0 solid; padding:0px 4px 0px 4px; white-space: nowrap; background-image: url(tbl_bck010.png)" class="hierarchy"><img src="tbl_spacer.png" alt="." style="background-color: inherit" class="hierarchy"/><img src="tbl_blank.png" alt="." style="background-color: inherit" class="hierarchy"/><img src="tbl_vjoin.png" alt="." style="background-color: inherit" class="hierarchy"/><img src="icon_primitive.png" alt="." style="background-color: white; background-color: inherit" title="Primitive Data Type" class="hierarchy"/> <a href="StructureDefinition-PatientEncounterModel-definitions.html#PatientEncounterModel.encounter.medicationInstruction" title="Medications prescribed by the provider">medicationInstruction</a><a name="PatientEncounterModel.encounter.medicationInstruction"> </a></td><td style="vertical-align: top; text-align : left; background-color: white; border: 0px #F0F0F0 solid; padding:0px 4px 0px 4px" class="hierarchy"/><td style="vertical-align: top; text-align : left; background-color: white; border: 0px #F0F0F0 solid; padding:0px 4px 0px 4px" class="hierarchy">0..1</td><td style="vertical-align: top; text-align : left; background-color: white; border: 0px #F0F0F0 solid; padding:0px 4px 0px 4px" class="hierarchy"><a href="http://hl7.org/fhir/R4/datatypes.html#string">string</a></td><td style="vertical-align: top; text-align : left; background-color: white; border: 0px #F0F0F0 solid; padding:0px 4px 0px 4px" class="hierarchy">Medications prescribed by the provider</td></tr>
<tr style="border: 0px #F0F0F0 solid; padding:0px; vertical-align: top; background-color: #F7F7F7"><td style="vertical-align: top; text-align : left; background-color: #F7F7F7; border: 0px #F0F0F0 solid; padding:0px 4px 0px 4px; white-space: nowrap; background-image: url(tbl_bck010.png)" class="hierarchy"><img src="tbl_spacer.png" alt="." style="background-color: inherit" class="hierarchy"/><img src="tbl_blank.png" alt="." style="background-color: inherit" class="hierarchy"/><img src="tbl_vjoin.png" alt="." style="background-color: inherit" class="hierarchy"/><img src="icon_datatype.gif" alt="." style="background-color: #F7F7F7; background-color: inherit" title="Data Type" class="hierarchy"/> <a href="StructureDefinition-PatientEncounterModel-definitions.html#PatientEncounterModel.encounter.outcomeOfEncounter" title="Describes whether the treatment was a success or not">outcomeOfEncounter</a><a name="PatientEncounterModel.encounter.outcomeOfEncounter"> </a></td><td style="vertical-align: top; text-align : left; background-color: #F7F7F7; border: 0px #F0F0F0 solid; padding:0px 4px 0px 4px" class="hierarchy"/><td style="vertical-align: top; text-align : left; background-color: #F7F7F7; border: 0px #F0F0F0 solid; padding:0px 4px 0px 4px" class="hierarchy">0..1</td><td style="vertical-align: top; text-align : left; background-color: #F7F7F7; border: 0px #F0F0F0 solid; padding:0px 4px 0px 4px" class="hierarchy"><a href="http://hl7.org/fhir/R4/datatypes.html#CodeableConcept">CodeableConcept</a></td><td style="vertical-align: top; text-align : left; background-color: #F7F7F7; border: 0px #F0F0F0 solid; padding:0px 4px 0px 4px" class="hierarchy">Outcome of the consultation</td></tr>
<tr style="border: 0px #F0F0F0 solid; padding:0px; vertical-align: top; background-color: white"><td style="vertical-align: top; text-align : left; background-color: white; border: 0px #F0F0F0 solid; padding:0px 4px 0px 4px; white-space: nowrap; background-image: url(tbl_bck000.png)" class="hierarchy"><img src="tbl_spacer.png" alt="." style="background-color: inherit" class="hierarchy"/><img src="tbl_blank.png" alt="." style="background-color: inherit" class="hierarchy"/><img src="tbl_vjoin_end.png" alt="." style="background-color: inherit" class="hierarchy"/><img src="icon_primitive.png" alt="." style="background-color: white; background-color: inherit" title="Primitive Data Type" class="hierarchy"/> <a href="StructureDefinition-PatientEncounterModel-definitions.html#PatientEncounterModel.encounter.notes" title="Additional notes or comments">notes</a><a name="PatientEncounterModel.encounter.notes"> </a></td><td style="vertical-align: top; text-align : left; background-color: white; border: 0px #F0F0F0 solid; padding:0px 4px 0px 4px" class="hierarchy"/><td style="vertical-align: top; text-align : left; background-color: white; border: 0px #F0F0F0 solid; padding:0px 4px 0px 4px" class="hierarchy">0..1</td><td style="vertical-align: top; text-align : left; background-color: white; border: 0px #F0F0F0 solid; padding:0px 4px 0px 4px" class="hierarchy"><a href="http://hl7.org/fhir/R4/datatypes.html#string">string</a></td><td style="vertical-align: top; text-align : left; background-color: white; border: 0px #F0F0F0 solid; padding:0px 4px 0px 4px" class="hierarchy">Additional notes or comments</td></tr>
<tr><td colspan="5" class="hierarchy"><br/><a href="http://hl7.org/fhir/R4/formats.html#table" title="Legend for this format"><img src="http://hl7.org/fhir/R4/help16.png" alt="doco" style="background-color: inherit"/> Documentation for this format</a></td></tr></table></div></text><url value="http://fhir.usacfi.net/StructureDefinition/PatientEncounterModel"/><version value="0.1.0-test"/><name value="PatientEncounterModel"/><title value="Patient Encounter Logical Model"/><status value="active"/><date value="2021-08-06T20:48:25+00:00"/><publisher value="University of San Agustin - Center for Informatics"/><contact><telecom><system value="url"/><value value="usacfi.net/contact-us.html"/></telecom></contact><description value="Logical model describing a basic patient encounter/consultation workflow generally implemented by the EMR/MRS technologies supported"/><jurisdiction><coding><system value="http://unstats.un.org/unsd/methods/m49/m49.htm"/><code value="001"/></coding></jurisdiction><fhirVersion value="4.0.1"/><mapping><identity value="rim"/><uri value="http://hl7.org/v3"/><name value="RIM Mapping"/></mapping><kind value="logical"/><abstract value="false"/><type value="http://fhir.usacfi.net/StructureDefinition/PatientEncounterModel"/><baseDefinition value="http://hl7.org/fhir/StructureDefinition/Base"/><derivation value="specialization"/><snapshot><element id="PatientEncounterModel"><path value="PatientEncounterModel"/><short value="Patient Encounter Logical Model"/><definition value="Logical model describing a basic patient encounter/consultation workflow generally implemented by the EMR/MRS technologies supported"/><min value="0"/><max value="*"/><base><path value="Base"/><min value="0"/><max value="*"/></base><isModifier value="false"/></element><element id="PatientEncounterModel.patient"><path value="PatientEncounterModel.patient"/><short value="The subject of the medical consultation"/><definition value="The subject of the medical consultation"/><min value="1"/><max value="1"/><base><path value="PatientEncounterModel.patient"/><min value="1"/><max value="1"/></base><type><code value="Reference"/></type></element><element id="PatientEncounterModel.provider"><path value="PatientEncounterModel.provider"/><short value="The provider handling the patient"/><definition value="The provider handling the patient"/><min value="1"/><max value="1"/><base><path value="PatientEncounterModel.provider"/><min value="1"/><max value="1"/></base><type><code value="Reference"/></type></element><element id="PatientEncounterModel.encounter"><path value="PatientEncounterModel.encounter"/><short value="Recording of the consultation"/><definition value="Recording of the consultation event which includes complaints of the patient, the practioner handling the encounter, the observations, the diagnoses, the treatment plan, and the outcome of the consultation"/><min value="0"/><max value="*"/><base><path value="PatientEncounterModel.encounter"/><min value="0"/><max value="*"/></base><type><code value="BackboneElement"/></type></element><element id="PatientEncounterModel.encounter.dateOfEncounter"><path value="PatientEncounterModel.encounter.dateOfEncounter"/><short value="Date of consultation"/><definition value="Date of consultation"/><min value="1"/><max value="1"/><base><path value="PatientEncounterModel.encounter.dateOfEncounter"/><min value="1"/><max value="1"/></base><type><code value="dateTime"/></type></element><element id="PatientEncounterModel.encounter.purposeOfEncounter"><path value="PatientEncounterModel.encounter.purposeOfEncounter"/><short value="Purpose of consultation"/><definition value="Purpose of consultation (e.g. check-up, follow-up, new health issue)"/><min value="1"/><max value="1"/><base><path value="PatientEncounterModel.encounter.purposeOfEncounter"/><min value="1"/><max value="1"/></base><type><code value="CodeableConcept"/></type></element><element id="PatientEncounterModel.encounter.complaints"><path value="PatientEncounterModel.encounter.complaints"/><short value="Issues and complaints from the patient"/><definition value="Issues and complaints reported by the patient"/><min value="0"/><max value="*"/><base><path value="PatientEncounterModel.encounter.complaints"/><min value="0"/><max value="*"/></base><type><code value="CodeableConcept"/></type></element><element id="PatientEncounterModel.encounter.observations"><path value="PatientEncounterModel.encounter.observations"/><short value="Procedures performed by the provider for assessment"/><definition value="Procedures performed by the provider to assess and diagnose the issue. Values typically selected from LOINC codes"/><min value="0"/><max value="*"/><base><path value="PatientEncounterModel.encounter.observations"/><min value="0"/><max value="*"/></base><type><code value="CodeableConcept"/></type></element><element id="PatientEncounterModel.encounter.diagnosis"><path value="PatientEncounterModel.encounter.diagnosis"/><short value="Diagnosis of the issue"/><definition value="Diagnosis of the issue. Values typically selected from SNOMED CT or ICD-10 codes"/><min value="0"/><max value="*"/><base><path value="PatientEncounterModel.encounter.diagnosis"/><min value="0"/><max value="*"/></base><type><code value="CodeableConcept"/></type></element><element id="PatientEncounterModel.encounter.treatmentPlan"><path value="PatientEncounterModel.encounter.treatmentPlan"/><short value="Treatment plan to resolve issue"/><definition value="Treatment plan to resolve issue"/><min value="0"/><max value="1"/><base><path value="PatientEncounterModel.encounter.treatmentPlan"/><min value="0"/><max value="1"/></base><type><code value="string"/></type></element><element id="PatientEncounterModel.encounter.medicationInstruction"><path value="PatientEncounterModel.encounter.medicationInstruction"/><short value="Medications prescribed by the provider"/><definition value="Medications prescribed by the provider"/><min value="0"/><max value="1"/><base><path value="PatientEncounterModel.encounter.medicationInstruction"/><min value="0"/><max value="1"/></base><type><code value="string"/></type></element><element id="PatientEncounterModel.encounter.outcomeOfEncounter"><path value="PatientEncounterModel.encounter.outcomeOfEncounter"/><short value="Outcome of the consultation"/><definition value="Describes whether the treatment was a success or not"/><min value="0"/><max value="1"/><base><path value="PatientEncounterModel.encounter.outcomeOfEncounter"/><min value="0"/><max value="1"/></base><type><code value="CodeableConcept"/></type></element><element id="PatientEncounterModel.encounter.notes"><path value="PatientEncounterModel.encounter.notes"/><short value="Additional notes or comments"/><definition value="Additional notes or comments"/><min value="0"/><max value="1"/><base><path value="PatientEncounterModel.encounter.notes"/><min value="0"/><max value="1"/></base><type><code value="string"/></type></element></snapshot><differential><element id="PatientEncounterModel"><path value="PatientEncounterModel"/><short value="Patient Encounter Logical Model"/><definition value="Logical model describing a basic patient encounter/consultation workflow generally implemented by the EMR/MRS technologies supported"/></element><element id="PatientEncounterModel.patient"><path value="PatientEncounterModel.patient"/><short value="The subject of the medical consultation"/><definition value="The subject of the medical consultation"/><min value="1"/><max value="1"/><type><code value="Reference"/></type></element><element id="PatientEncounterModel.provider"><path value="PatientEncounterModel.provider"/><short value="The provider handling the patient"/><definition value="The provider handling the patient"/><min value="1"/><max value="1"/><type><code value="Reference"/></type></element><element id="PatientEncounterModel.encounter"><path value="PatientEncounterModel.encounter"/><short value="Recording of the consultation"/><definition value="Recording of the consultation event which includes complaints of the patient, the practioner handling the encounter, the observations, the diagnoses, the treatment plan, and the outcome of the consultation"/><min value="0"/><max value="*"/><type><code value="BackboneElement"/></type></element><element id="PatientEncounterModel.encounter.dateOfEncounter"><path value="PatientEncounterModel.encounter.dateOfEncounter"/><short value="Date of consultation"/><definition value="Date of consultation"/><min value="1"/><max value="1"/><type><code value="dateTime"/></type></element><element id="PatientEncounterModel.encounter.purposeOfEncounter"><path value="PatientEncounterModel.encounter.purposeOfEncounter"/><short value="Purpose of consultation"/><definition value="Purpose of consultation (e.g. check-up, follow-up, new health issue)"/><min value="1"/><max value="1"/><type><code value="CodeableConcept"/></type></element><element id="PatientEncounterModel.encounter.complaints"><path value="PatientEncounterModel.encounter.complaints"/><short value="Issues and complaints from the patient"/><definition value="Issues and complaints reported by the patient"/><min value="0"/><max value="*"/><type><code value="CodeableConcept"/></type></element><element id="PatientEncounterModel.encounter.observations"><path value="PatientEncounterModel.encounter.observations"/><short value="Procedures performed by the provider for assessment"/><definition value="Procedures performed by the provider to assess and diagnose the issue. Values typically selected from LOINC codes"/><min value="0"/><max value="*"/><type><code value="CodeableConcept"/></type></element><element id="PatientEncounterModel.encounter.diagnosis"><path value="PatientEncounterModel.encounter.diagnosis"/><short value="Diagnosis of the issue"/><definition value="Diagnosis of the issue. Values typically selected from SNOMED CT or ICD-10 codes"/><min value="0"/><max value="*"/><type><code value="CodeableConcept"/></type></element><element id="PatientEncounterModel.encounter.treatmentPlan"><path value="PatientEncounterModel.encounter.treatmentPlan"/><short value="Treatment plan to resolve issue"/><definition value="Treatment plan to resolve issue"/><min value="0"/><max value="1"/><type><code value="string"/></type></element><element id="PatientEncounterModel.encounter.medicationInstruction"><path value="PatientEncounterModel.encounter.medicationInstruction"/><short value="Medications prescribed by the provider"/><definition value="Medications prescribed by the provider"/><min value="0"/><max value="1"/><type><code value="string"/></type></element><element id="PatientEncounterModel.encounter.outcomeOfEncounter"><path value="PatientEncounterModel.encounter.outcomeOfEncounter"/><short value="Outcome of the consultation"/><definition value="Describes whether the treatment was a success or not"/><min value="0"/><max value="1"/><type><code value="CodeableConcept"/></type></element><element id="PatientEncounterModel.encounter.notes"><path value="PatientEncounterModel.encounter.notes"/><short value="Additional notes or comments"/><definition value="Additional notes or comments"/><min value="0"/><max value="1"/><type><code value="string"/></type></element></differential></StructureDefinition>