<?xml version="1.0" encoding="UTF-8"?><StructureDefinition xmlns="http://hl7.org/fhir"><id value="UnEMRProviderModel"/><text><status value="extensions"/><div xmlns="http://www.w3.org/1999/xhtml"><table border="0" cellpadding="0" cellspacing="0" style="border: 0px #F0F0F0 solid; font-size: 11px; font-family: verdana; vertical-align: top;"><tr style="border: 1px #F0F0F0 solid; font-size: 11px; font-family: verdana; vertical-align: top"><th style="vertical-align: top; text-align : left; background-color: white; border: 0px #F0F0F0 solid; padding:0px 4px 0px 4px" class="hierarchy"><a href="http://hl7.org/fhir/R4/formats.html#table" title="The logical name of the element">Name</a></th><th style="vertical-align: top; text-align : left; background-color: white; border: 0px #F0F0F0 solid; padding:0px 4px 0px 4px" class="hierarchy"><a href="http://hl7.org/fhir/R4/formats.html#table" title="Information about the use of the element">Flags</a></th><th style="vertical-align: top; text-align : left; background-color: white; border: 0px #F0F0F0 solid; padding:0px 4px 0px 4px" class="hierarchy"><a href="http://hl7.org/fhir/R4/formats.html#table" title="Minimum and Maximum # of times the the element can appear in the instance">Card.</a></th><th style="width: 100px" class="hierarchy"><a href="http://hl7.org/fhir/R4/formats.html#table" title="Reference to the type of the element">Type</a></th><th style="vertical-align: top; text-align : left; background-color: white; border: 0px #F0F0F0 solid; padding:0px 4px 0px 4px" class="hierarchy"><a href="http://hl7.org/fhir/R4/formats.html#table" title="Additional information about the element">Description &amp; Constraints</a><span style="float: right"><a href="http://hl7.org/fhir/R4/formats.html#table" title="Legend for this format"><img src="http://hl7.org/fhir/R4/help16.png" alt="doco" style="background-color: inherit"/></a></span></th></tr><tr style="border: 0px #F0F0F0 solid; padding:0px; vertical-align: top; background-color: white"><td style="vertical-align: top; text-align : left; background-color: white; border: 0px #F0F0F0 solid; padding:0px 4px 0px 4px; white-space: nowrap; background-image: url(tbl_bck1.png)" class="hierarchy"><img src="tbl_spacer.png" alt="." style="background-color: inherit" class="hierarchy"/><img src="icon_element.gif" alt="." style="background-color: white; background-color: inherit" title="Element" class="hierarchy"/> <a href="StructureDefinition-UnEMRProviderModel-definitions.html#UnEMRProviderModel" title="Provider data model implemented in UnEMR">UnEMRProviderModel</a><a name="UnEMRProviderModel"> </a></td><td style="vertical-align: top; text-align : left; background-color: white; border: 0px #F0F0F0 solid; padding:0px 4px 0px 4px" class="hierarchy"/><td style="vertical-align: top; text-align : left; background-color: white; border: 0px #F0F0F0 solid; padding:0px 4px 0px 4px" class="hierarchy"><span style="opacity: 0.5">0</span><span style="opacity: 0.5">..</span><span style="opacity: 0.5">*</span></td><td style="vertical-align: top; text-align : left; background-color: white; border: 0px #F0F0F0 solid; padding:0px 4px 0px 4px" class="hierarchy"/><td style="vertical-align: top; text-align : left; background-color: white; border: 0px #F0F0F0 solid; padding:0px 4px 0px 4px" class="hierarchy">UnEMR Provider Logical Model</td></tr>
<tr style="border: 0px #F0F0F0 solid; padding:0px; vertical-align: top; background-color: #F7F7F7"><td style="vertical-align: top; text-align : left; background-color: #F7F7F7; border: 0px #F0F0F0 solid; padding:0px 4px 0px 4px; white-space: nowrap; background-image: url(tbl_bck10.png)" class="hierarchy"><img src="tbl_spacer.png" alt="." style="background-color: inherit" class="hierarchy"/><img src="tbl_vjoin.png" alt="." style="background-color: inherit" class="hierarchy"/><img src="icon_primitive.png" alt="." style="background-color: #F7F7F7; background-color: inherit" title="Primitive Data Type" class="hierarchy"/> <a href="StructureDefinition-UnEMRProviderModel-definitions.html#UnEMRProviderModel.providerId" title="Provider identifier">providerId</a><a name="UnEMRProviderModel.providerId"> </a></td><td style="vertical-align: top; text-align : left; background-color: #F7F7F7; border: 0px #F0F0F0 solid; padding:0px 4px 0px 4px" class="hierarchy"/><td style="vertical-align: top; text-align : left; background-color: #F7F7F7; border: 0px #F0F0F0 solid; padding:0px 4px 0px 4px" class="hierarchy">1..1</td><td style="vertical-align: top; text-align : left; background-color: #F7F7F7; border: 0px #F0F0F0 solid; padding:0px 4px 0px 4px" class="hierarchy"><a href="http://hl7.org/fhir/R4/datatypes.html#id">id</a></td><td style="vertical-align: top; text-align : left; background-color: #F7F7F7; border: 0px #F0F0F0 solid; padding:0px 4px 0px 4px" class="hierarchy">Provider identifier</td></tr>
<tr style="border: 0px #F0F0F0 solid; padding:0px; vertical-align: top; background-color: white"><td style="vertical-align: top; text-align : left; background-color: white; border: 0px #F0F0F0 solid; padding:0px 4px 0px 4px; white-space: nowrap; background-image: url(tbl_bck10.png)" class="hierarchy"><img src="tbl_spacer.png" alt="." style="background-color: inherit" class="hierarchy"/><img src="tbl_vjoin.png" alt="." style="background-color: inherit" class="hierarchy"/><img src="icon_primitive.png" alt="." style="background-color: white; background-color: inherit" title="Primitive Data Type" class="hierarchy"/> <a href="StructureDefinition-UnEMRProviderModel-definitions.html#UnEMRProviderModel.userStatus" title="Provider account status (e.g. active, inactive, pending approval)">userStatus</a><a name="UnEMRProviderModel.userStatus"> </a></td><td style="vertical-align: top; text-align : left; background-color: white; border: 0px #F0F0F0 solid; padding:0px 4px 0px 4px" class="hierarchy"/><td style="vertical-align: top; text-align : left; background-color: white; border: 0px #F0F0F0 solid; padding:0px 4px 0px 4px" class="hierarchy">1..1</td><td style="vertical-align: top; text-align : left; background-color: white; border: 0px #F0F0F0 solid; padding:0px 4px 0px 4px" class="hierarchy"><a href="http://hl7.org/fhir/R4/datatypes.html#string">string</a></td><td style="vertical-align: top; text-align : left; background-color: white; border: 0px #F0F0F0 solid; padding:0px 4px 0px 4px" class="hierarchy">Provider account status</td></tr>
<tr style="border: 0px #F0F0F0 solid; padding:0px; vertical-align: top; background-color: #F7F7F7"><td style="vertical-align: top; text-align : left; background-color: #F7F7F7; border: 0px #F0F0F0 solid; padding:0px 4px 0px 4px; white-space: nowrap; background-image: url(tbl_bck10.png)" class="hierarchy"><img src="tbl_spacer.png" alt="." style="background-color: inherit" class="hierarchy"/><img src="tbl_vjoin.png" alt="." style="background-color: inherit" class="hierarchy"/><img src="icon_datatype.gif" alt="." style="background-color: #F7F7F7; background-color: inherit" title="Data Type" class="hierarchy"/> <a href="StructureDefinition-UnEMRProviderModel-definitions.html#UnEMRProviderModel.name" title="Name of the provider">name</a><a name="UnEMRProviderModel.name"> </a></td><td style="vertical-align: top; text-align : left; background-color: #F7F7F7; border: 0px #F0F0F0 solid; padding:0px 4px 0px 4px" class="hierarchy"/><td style="vertical-align: top; text-align : left; background-color: #F7F7F7; border: 0px #F0F0F0 solid; padding:0px 4px 0px 4px" class="hierarchy">1..1</td><td style="vertical-align: top; text-align : left; background-color: #F7F7F7; border: 0px #F0F0F0 solid; padding:0px 4px 0px 4px" class="hierarchy"><a href="http://hl7.org/fhir/R4/datatypes.html#HumanName">HumanName</a></td><td style="vertical-align: top; text-align : left; background-color: #F7F7F7; border: 0px #F0F0F0 solid; padding:0px 4px 0px 4px" class="hierarchy">Name of the provider</td></tr>
<tr style="border: 0px #F0F0F0 solid; padding:0px; vertical-align: top; background-color: white"><td style="vertical-align: top; text-align : left; background-color: white; border: 0px #F0F0F0 solid; padding:0px 4px 0px 4px; white-space: nowrap; background-image: url(tbl_bck10.png)" class="hierarchy"><img src="tbl_spacer.png" alt="." style="background-color: inherit" class="hierarchy"/><img src="tbl_vjoin.png" alt="." style="background-color: inherit" class="hierarchy"/><img src="icon_primitive.png" alt="." style="background-color: white; background-color: inherit" title="Primitive Data Type" class="hierarchy"/> <a href="StructureDefinition-UnEMRProviderModel-definitions.html#UnEMRProviderModel.email" title="Email address of the provider">email</a><a name="UnEMRProviderModel.email"> </a></td><td style="vertical-align: top; text-align : left; background-color: white; border: 0px #F0F0F0 solid; padding:0px 4px 0px 4px" class="hierarchy"/><td style="vertical-align: top; text-align : left; background-color: white; border: 0px #F0F0F0 solid; padding:0px 4px 0px 4px" class="hierarchy">1..1</td><td style="vertical-align: top; text-align : left; background-color: white; border: 0px #F0F0F0 solid; padding:0px 4px 0px 4px" class="hierarchy"><a href="http://hl7.org/fhir/R4/datatypes.html#string">string</a></td><td style="vertical-align: top; text-align : left; background-color: white; border: 0px #F0F0F0 solid; padding:0px 4px 0px 4px" class="hierarchy">Email address of the provider</td></tr>
<tr style="border: 0px #F0F0F0 solid; padding:0px; vertical-align: top; background-color: #F7F7F7"><td style="vertical-align: top; text-align : left; background-color: #F7F7F7; border: 0px #F0F0F0 solid; padding:0px 4px 0px 4px; white-space: nowrap; background-image: url(tbl_bck10.png)" class="hierarchy"><img src="tbl_spacer.png" alt="." style="background-color: inherit" class="hierarchy"/><img src="tbl_vjoin.png" alt="." style="background-color: inherit" class="hierarchy"/><img src="icon_primitive.png" alt="." style="background-color: #F7F7F7; background-color: inherit" title="Primitive Data Type" class="hierarchy"/> <a href="StructureDefinition-UnEMRProviderModel-definitions.html#UnEMRProviderModel.phone" title="Phone number of the provider">phone</a><a name="UnEMRProviderModel.phone"> </a></td><td style="vertical-align: top; text-align : left; background-color: #F7F7F7; border: 0px #F0F0F0 solid; padding:0px 4px 0px 4px" class="hierarchy"/><td style="vertical-align: top; text-align : left; background-color: #F7F7F7; border: 0px #F0F0F0 solid; padding:0px 4px 0px 4px" class="hierarchy">0..1</td><td style="vertical-align: top; text-align : left; background-color: #F7F7F7; border: 0px #F0F0F0 solid; padding:0px 4px 0px 4px" class="hierarchy"><a href="http://hl7.org/fhir/R4/datatypes.html#string">string</a></td><td style="vertical-align: top; text-align : left; background-color: #F7F7F7; border: 0px #F0F0F0 solid; padding:0px 4px 0px 4px" class="hierarchy">Phone number of the provider</td></tr>
<tr style="border: 0px #F0F0F0 solid; padding:0px; vertical-align: top; background-color: white"><td style="vertical-align: top; text-align : left; background-color: white; border: 0px #F0F0F0 solid; padding:0px 4px 0px 4px; white-space: nowrap; background-image: url(tbl_bck10.png)" class="hierarchy"><img src="tbl_spacer.png" alt="." style="background-color: inherit" class="hierarchy"/><img src="tbl_vjoin.png" alt="." style="background-color: inherit" class="hierarchy"/><img src="icon_primitive.png" alt="." style="background-color: white; background-color: inherit" title="Primitive Data Type" class="hierarchy"/> <a href="StructureDefinition-UnEMRProviderModel-definitions.html#UnEMRProviderModel.dateOfBirth" title="Birthday of the provider">dateOfBirth</a><a name="UnEMRProviderModel.dateOfBirth"> </a></td><td style="vertical-align: top; text-align : left; background-color: white; border: 0px #F0F0F0 solid; padding:0px 4px 0px 4px" class="hierarchy"/><td style="vertical-align: top; text-align : left; background-color: white; border: 0px #F0F0F0 solid; padding:0px 4px 0px 4px" class="hierarchy">0..1</td><td style="vertical-align: top; text-align : left; background-color: white; border: 0px #F0F0F0 solid; padding:0px 4px 0px 4px" class="hierarchy"><a href="http://hl7.org/fhir/R4/datatypes.html#dateTime">dateTime</a></td><td style="vertical-align: top; text-align : left; background-color: white; border: 0px #F0F0F0 solid; padding:0px 4px 0px 4px" class="hierarchy">Birthday of the provider</td></tr>
<tr style="border: 0px #F0F0F0 solid; padding:0px; vertical-align: top; background-color: #F7F7F7"><td style="vertical-align: top; text-align : left; background-color: #F7F7F7; border: 0px #F0F0F0 solid; padding:0px 4px 0px 4px; white-space: nowrap; background-image: url(tbl_bck10.png)" class="hierarchy"><img src="tbl_spacer.png" alt="." style="background-color: inherit" class="hierarchy"/><img src="tbl_vjoin.png" alt="." style="background-color: inherit" class="hierarchy"/><img src="icon_primitive.png" alt="." style="background-color: #F7F7F7; background-color: inherit" title="Primitive Data Type" class="hierarchy"/> <a href="StructureDefinition-UnEMRProviderModel-definitions.html#UnEMRProviderModel.licenseNumber" title="Valid license number of the provider. Provider must provide proof of validity">licenseNumber</a><a name="UnEMRProviderModel.licenseNumber"> </a></td><td style="vertical-align: top; text-align : left; background-color: #F7F7F7; border: 0px #F0F0F0 solid; padding:0px 4px 0px 4px" class="hierarchy"/><td style="vertical-align: top; text-align : left; background-color: #F7F7F7; border: 0px #F0F0F0 solid; padding:0px 4px 0px 4px" class="hierarchy">1..1</td><td style="vertical-align: top; text-align : left; background-color: #F7F7F7; border: 0px #F0F0F0 solid; padding:0px 4px 0px 4px" class="hierarchy"><a href="http://hl7.org/fhir/R4/datatypes.html#string">string</a></td><td style="vertical-align: top; text-align : left; background-color: #F7F7F7; border: 0px #F0F0F0 solid; padding:0px 4px 0px 4px" class="hierarchy">License number of the provider</td></tr>
<tr style="border: 0px #F0F0F0 solid; padding:0px; vertical-align: top; background-color: white"><td style="vertical-align: top; text-align : left; background-color: white; border: 0px #F0F0F0 solid; padding:0px 4px 0px 4px; white-space: nowrap; background-image: url(tbl_bck10.png)" class="hierarchy"><img src="tbl_spacer.png" alt="." style="background-color: inherit" class="hierarchy"/><img src="tbl_vjoin.png" alt="." style="background-color: inherit" class="hierarchy"/><img src="icon_primitive.png" alt="." style="background-color: white; background-color: inherit" title="Primitive Data Type" class="hierarchy"/> <a href="StructureDefinition-UnEMRProviderModel-definitions.html#UnEMRProviderModel.licenseExpiration" title="Expiration date of the license number">licenseExpiration</a><a name="UnEMRProviderModel.licenseExpiration"> </a></td><td style="vertical-align: top; text-align : left; background-color: white; border: 0px #F0F0F0 solid; padding:0px 4px 0px 4px" class="hierarchy"/><td style="vertical-align: top; text-align : left; background-color: white; border: 0px #F0F0F0 solid; padding:0px 4px 0px 4px" class="hierarchy">1..1</td><td style="vertical-align: top; text-align : left; background-color: white; border: 0px #F0F0F0 solid; padding:0px 4px 0px 4px" class="hierarchy"><a href="http://hl7.org/fhir/R4/datatypes.html#dateTime">dateTime</a></td><td style="vertical-align: top; text-align : left; background-color: white; border: 0px #F0F0F0 solid; padding:0px 4px 0px 4px" class="hierarchy">Expiration date of the license number</td></tr>
<tr style="border: 0px #F0F0F0 solid; padding:0px; vertical-align: top; background-color: #F7F7F7"><td style="vertical-align: top; text-align : left; background-color: #F7F7F7; border: 0px #F0F0F0 solid; padding:0px 4px 0px 4px; white-space: nowrap; background-image: url(tbl_bck10.png)" class="hierarchy"><img src="tbl_spacer.png" alt="." style="background-color: inherit" class="hierarchy"/><img src="tbl_vjoin.png" alt="." style="background-color: inherit" class="hierarchy"/><img src="icon_primitive.png" alt="." style="background-color: #F7F7F7; background-color: inherit" title="Primitive Data Type" class="hierarchy"/> <a href="StructureDefinition-UnEMRProviderModel-definitions.html#UnEMRProviderModel.licenseIssuedBy" title="Organization who issued the license">licenseIssuedBy</a><a name="UnEMRProviderModel.licenseIssuedBy"> </a></td><td style="vertical-align: top; text-align : left; background-color: #F7F7F7; border: 0px #F0F0F0 solid; padding:0px 4px 0px 4px" class="hierarchy"/><td style="vertical-align: top; text-align : left; background-color: #F7F7F7; border: 0px #F0F0F0 solid; padding:0px 4px 0px 4px" class="hierarchy">0..1</td><td style="vertical-align: top; text-align : left; background-color: #F7F7F7; border: 0px #F0F0F0 solid; padding:0px 4px 0px 4px" class="hierarchy"><a href="http://hl7.org/fhir/R4/datatypes.html#string">string</a></td><td style="vertical-align: top; text-align : left; background-color: #F7F7F7; border: 0px #F0F0F0 solid; padding:0px 4px 0px 4px" class="hierarchy">Organization who issued the license</td></tr>
<tr style="border: 0px #F0F0F0 solid; padding:0px; vertical-align: top; background-color: white"><td style="vertical-align: top; text-align : left; background-color: white; border: 0px #F0F0F0 solid; padding:0px 4px 0px 4px; white-space: nowrap; background-image: url(tbl_bck10.png)" class="hierarchy"><img src="tbl_spacer.png" alt="." style="background-color: inherit" class="hierarchy"/><img src="tbl_vjoin.png" alt="." style="background-color: inherit" class="hierarchy"/><img src="icon_primitive.png" alt="." style="background-color: white; background-color: inherit" title="Primitive Data Type" class="hierarchy"/> <a href="StructureDefinition-UnEMRProviderModel-definitions.html#UnEMRProviderModel.currentPtrNumber" title="Current PTR number of the provider">currentPtrNumber</a><a name="UnEMRProviderModel.currentPtrNumber"> </a></td><td style="vertical-align: top; text-align : left; background-color: white; border: 0px #F0F0F0 solid; padding:0px 4px 0px 4px" class="hierarchy"/><td style="vertical-align: top; text-align : left; background-color: white; border: 0px #F0F0F0 solid; padding:0px 4px 0px 4px" class="hierarchy">1..1</td><td style="vertical-align: top; text-align : left; background-color: white; border: 0px #F0F0F0 solid; padding:0px 4px 0px 4px" class="hierarchy"><a href="http://hl7.org/fhir/R4/datatypes.html#string">string</a></td><td style="vertical-align: top; text-align : left; background-color: white; border: 0px #F0F0F0 solid; padding:0px 4px 0px 4px" class="hierarchy">Current PTR number of the provider</td></tr>
<tr style="border: 0px #F0F0F0 solid; padding:0px; vertical-align: top; background-color: #F7F7F7"><td style="vertical-align: top; text-align : left; background-color: #F7F7F7; border: 0px #F0F0F0 solid; padding:0px 4px 0px 4px; white-space: nowrap; background-image: url(tbl_bck10.png)" class="hierarchy"><img src="tbl_spacer.png" alt="." style="background-color: inherit" class="hierarchy"/><img src="tbl_vjoin.png" alt="." style="background-color: inherit" class="hierarchy"/><img src="icon_datatype.gif" alt="." style="background-color: #F7F7F7; background-color: inherit" title="Data Type" class="hierarchy"/> <a href="StructureDefinition-UnEMRProviderModel-definitions.html#UnEMRProviderModel.fieldOfPractice" title="Provider field of practice">fieldOfPractice</a><a name="UnEMRProviderModel.fieldOfPractice"> </a></td><td style="vertical-align: top; text-align : left; background-color: #F7F7F7; border: 0px #F0F0F0 solid; padding:0px 4px 0px 4px" class="hierarchy"/><td style="vertical-align: top; text-align : left; background-color: #F7F7F7; border: 0px #F0F0F0 solid; padding:0px 4px 0px 4px" class="hierarchy">0..*</td><td style="vertical-align: top; text-align : left; background-color: #F7F7F7; border: 0px #F0F0F0 solid; padding:0px 4px 0px 4px" class="hierarchy"><a href="http://hl7.org/fhir/R4/datatypes.html#CodeableConcept">CodeableConcept</a></td><td style="vertical-align: top; text-align : left; background-color: #F7F7F7; border: 0px #F0F0F0 solid; padding:0px 4px 0px 4px" class="hierarchy">Provider field of practice<br/></td></tr>
<tr style="border: 0px #F0F0F0 solid; padding:0px; vertical-align: top; background-color: white"><td style="vertical-align: top; text-align : left; background-color: white; border: 0px #F0F0F0 solid; padding:0px 4px 0px 4px; white-space: nowrap; background-image: url(tbl_bck10.png)" class="hierarchy"><img src="tbl_spacer.png" alt="." style="background-color: inherit" class="hierarchy"/><img src="tbl_vjoin.png" alt="." style="background-color: inherit" class="hierarchy"/><img src="icon_datatype.gif" alt="." style="background-color: white; background-color: inherit" title="Data Type" class="hierarchy"/> <a href="StructureDefinition-UnEMRProviderModel-definitions.html#UnEMRProviderModel.specialization" title="Specialization of the provider">specialization</a><a name="UnEMRProviderModel.specialization"> </a></td><td style="vertical-align: top; text-align : left; background-color: white; border: 0px #F0F0F0 solid; padding:0px 4px 0px 4px" class="hierarchy"/><td style="vertical-align: top; text-align : left; background-color: white; border: 0px #F0F0F0 solid; padding:0px 4px 0px 4px" class="hierarchy">0..*</td><td style="vertical-align: top; text-align : left; background-color: white; border: 0px #F0F0F0 solid; padding:0px 4px 0px 4px" class="hierarchy"><a href="http://hl7.org/fhir/R4/datatypes.html#CodeableConcept">CodeableConcept</a></td><td style="vertical-align: top; text-align : left; background-color: white; border: 0px #F0F0F0 solid; padding:0px 4px 0px 4px" class="hierarchy">Specialization of the provider<br/></td></tr>
<tr style="border: 0px #F0F0F0 solid; padding:0px; vertical-align: top; background-color: #F7F7F7"><td style="vertical-align: top; text-align : left; background-color: #F7F7F7; border: 0px #F0F0F0 solid; padding:0px 4px 0px 4px; white-space: nowrap; background-image: url(tbl_bck01.png)" class="hierarchy"><img src="tbl_spacer.png" alt="." style="background-color: inherit" class="hierarchy"/><img src="tbl_vjoin_end.png" alt="." style="background-color: inherit" class="hierarchy"/><img src="icon_datatype.gif" alt="." style="background-color: #F7F7F7; background-color: inherit" title="Data Type" class="hierarchy"/> <a href="StructureDefinition-UnEMRProviderModel-definitions.html#UnEMRProviderModel.auditLog" title="Record audit log">auditLog</a><a name="UnEMRProviderModel.auditLog"> </a></td><td style="vertical-align: top; text-align : left; background-color: #F7F7F7; border: 0px #F0F0F0 solid; padding:0px 4px 0px 4px" class="hierarchy"/><td style="vertical-align: top; text-align : left; background-color: #F7F7F7; border: 0px #F0F0F0 solid; padding:0px 4px 0px 4px" class="hierarchy">1..1</td><td style="vertical-align: top; text-align : left; background-color: #F7F7F7; border: 0px #F0F0F0 solid; padding:0px 4px 0px 4px" class="hierarchy"><a href="http://hl7.org/fhir/R4/datatypes.html#BackboneElement">BackboneElement</a></td><td style="vertical-align: top; text-align : left; background-color: #F7F7F7; border: 0px #F0F0F0 solid; padding:0px 4px 0px 4px" class="hierarchy">Record audit log</td></tr>
<tr style="border: 0px #F0F0F0 solid; padding:0px; vertical-align: top; background-color: white"><td style="vertical-align: top; text-align : left; background-color: white; border: 0px #F0F0F0 solid; padding:0px 4px 0px 4px; white-space: nowrap; background-image: url(tbl_bck010.png)" class="hierarchy"><img src="tbl_spacer.png" alt="." style="background-color: inherit" class="hierarchy"/><img src="tbl_blank.png" alt="." style="background-color: inherit" class="hierarchy"/><img src="tbl_vjoin.png" alt="." style="background-color: inherit" class="hierarchy"/><img src="icon_reference.png" alt="." style="background-color: white; background-color: inherit" title="Reference to another Resource" class="hierarchy"/> <a href="StructureDefinition-UnEMRProviderModel-definitions.html#UnEMRProviderModel.auditLog.createdBy" title="Person who created the provider record">createdBy</a><a name="UnEMRProviderModel.auditLog.createdBy"> </a></td><td style="vertical-align: top; text-align : left; background-color: white; border: 0px #F0F0F0 solid; padding:0px 4px 0px 4px" class="hierarchy"/><td style="vertical-align: top; text-align : left; background-color: white; border: 0px #F0F0F0 solid; padding:0px 4px 0px 4px" class="hierarchy">1..1</td><td style="vertical-align: top; text-align : left; background-color: white; border: 0px #F0F0F0 solid; padding:0px 4px 0px 4px" class="hierarchy"><a href="http://hl7.org/fhir/R4/references.html">Reference</a>()</td><td style="vertical-align: top; text-align : left; background-color: white; border: 0px #F0F0F0 solid; padding:0px 4px 0px 4px" class="hierarchy">Person who created the record</td></tr>
<tr style="border: 0px #F0F0F0 solid; padding:0px; vertical-align: top; background-color: #F7F7F7"><td style="vertical-align: top; text-align : left; background-color: #F7F7F7; border: 0px #F0F0F0 solid; padding:0px 4px 0px 4px; white-space: nowrap; background-image: url(tbl_bck010.png)" class="hierarchy"><img src="tbl_spacer.png" alt="." style="background-color: inherit" class="hierarchy"/><img src="tbl_blank.png" alt="." style="background-color: inherit" class="hierarchy"/><img src="tbl_vjoin.png" alt="." style="background-color: inherit" class="hierarchy"/><img src="icon_primitive.png" alt="." style="background-color: #F7F7F7; background-color: inherit" title="Primitive Data Type" class="hierarchy"/> <a href="StructureDefinition-UnEMRProviderModel-definitions.html#UnEMRProviderModel.auditLog.dateCreated" title="Date when the patient record was created">dateCreated</a><a name="UnEMRProviderModel.auditLog.dateCreated"> </a></td><td style="vertical-align: top; text-align : left; background-color: #F7F7F7; border: 0px #F0F0F0 solid; padding:0px 4px 0px 4px" class="hierarchy"/><td style="vertical-align: top; text-align : left; background-color: #F7F7F7; border: 0px #F0F0F0 solid; padding:0px 4px 0px 4px" class="hierarchy">1..1</td><td style="vertical-align: top; text-align : left; background-color: #F7F7F7; border: 0px #F0F0F0 solid; padding:0px 4px 0px 4px" class="hierarchy"><a href="http://hl7.org/fhir/R4/datatypes.html#dateTime">dateTime</a></td><td style="vertical-align: top; text-align : left; background-color: #F7F7F7; border: 0px #F0F0F0 solid; padding:0px 4px 0px 4px" class="hierarchy">Date when the patient record was created</td></tr>
<tr style="border: 0px #F0F0F0 solid; padding:0px; vertical-align: top; background-color: white"><td style="vertical-align: top; text-align : left; background-color: white; border: 0px #F0F0F0 solid; padding:0px 4px 0px 4px; white-space: nowrap; background-image: url(tbl_bck010.png)" class="hierarchy"><img src="tbl_spacer.png" alt="." style="background-color: inherit" class="hierarchy"/><img src="tbl_blank.png" alt="." style="background-color: inherit" class="hierarchy"/><img src="tbl_vjoin.png" alt="." style="background-color: inherit" class="hierarchy"/><img src="icon_reference.png" alt="." style="background-color: white; background-color: inherit" title="Reference to another Resource" class="hierarchy"/> <a href="StructureDefinition-UnEMRProviderModel-definitions.html#UnEMRProviderModel.auditLog.lastUpdatedBy" title="Person who recently updated the record">lastUpdatedBy</a><a name="UnEMRProviderModel.auditLog.lastUpdatedBy"> </a></td><td style="vertical-align: top; text-align : left; background-color: white; border: 0px #F0F0F0 solid; padding:0px 4px 0px 4px" class="hierarchy"/><td style="vertical-align: top; text-align : left; background-color: white; border: 0px #F0F0F0 solid; padding:0px 4px 0px 4px" class="hierarchy">1..1</td><td style="vertical-align: top; text-align : left; background-color: white; border: 0px #F0F0F0 solid; padding:0px 4px 0px 4px" class="hierarchy"><a href="http://hl7.org/fhir/R4/references.html">Reference</a>()</td><td style="vertical-align: top; text-align : left; background-color: white; border: 0px #F0F0F0 solid; padding:0px 4px 0px 4px" class="hierarchy">Person who recently updated the record</td></tr>
<tr style="border: 0px #F0F0F0 solid; padding:0px; vertical-align: top; background-color: #F7F7F7"><td style="vertical-align: top; text-align : left; background-color: #F7F7F7; border: 0px #F0F0F0 solid; padding:0px 4px 0px 4px; white-space: nowrap; background-image: url(tbl_bck000.png)" class="hierarchy"><img src="tbl_spacer.png" alt="." style="background-color: inherit" class="hierarchy"/><img src="tbl_blank.png" alt="." style="background-color: inherit" class="hierarchy"/><img src="tbl_vjoin_end.png" alt="." style="background-color: inherit" class="hierarchy"/><img src="icon_primitive.png" alt="." style="background-color: #F7F7F7; background-color: inherit" title="Primitive Data Type" class="hierarchy"/> <a href="StructureDefinition-UnEMRProviderModel-definitions.html#UnEMRProviderModel.auditLog.dateLastUpdated" title="Date when the patient record last updated">dateLastUpdated</a><a name="UnEMRProviderModel.auditLog.dateLastUpdated"> </a></td><td style="vertical-align: top; text-align : left; background-color: #F7F7F7; border: 0px #F0F0F0 solid; padding:0px 4px 0px 4px" class="hierarchy"/><td style="vertical-align: top; text-align : left; background-color: #F7F7F7; border: 0px #F0F0F0 solid; padding:0px 4px 0px 4px" class="hierarchy">1..1</td><td style="vertical-align: top; text-align : left; background-color: #F7F7F7; border: 0px #F0F0F0 solid; padding:0px 4px 0px 4px" class="hierarchy"><a href="http://hl7.org/fhir/R4/datatypes.html#dateTime">dateTime</a></td><td style="vertical-align: top; text-align : left; background-color: #F7F7F7; border: 0px #F0F0F0 solid; padding:0px 4px 0px 4px" class="hierarchy">Date when the patient record last updated</td></tr>
<tr><td colspan="5" class="hierarchy"><br/><a href="http://hl7.org/fhir/R4/formats.html#table" title="Legend for this format"><img src="http://hl7.org/fhir/R4/help16.png" alt="doco" style="background-color: inherit"/> Documentation for this format</a></td></tr></table></div></text><url value="http://fhir.usacfi.net/StructureDefinition/UnEMRProviderModel"/><version value="0.1.0-test"/><name value="UnEMRProviderModel"/><title value="UnEMR Provider Logical Model"/><status value="active"/><date value="2021-08-07T00:05:05+00:00"/><publisher value="University of San Agustin - Center for Informatics"/><contact><telecom><system value="url"/><value value="https://usacfi.net/contact-us.html"/></telecom></contact><description value="Provider data model implemented in UnEMR"/><jurisdiction><coding><system value="http://unstats.un.org/unsd/methods/m49/m49.htm"/><code value="001"/></coding></jurisdiction><fhirVersion value="4.0.1"/><mapping><identity value="rim"/><uri value="http://hl7.org/v3"/><name value="RIM Mapping"/></mapping><kind value="logical"/><abstract value="false"/><type value="http://fhir.usacfi.net/StructureDefinition/UnEMRProviderModel"/><baseDefinition value="http://hl7.org/fhir/StructureDefinition/Base"/><derivation value="specialization"/><snapshot><element id="UnEMRProviderModel"><path value="UnEMRProviderModel"/><short value="UnEMR Provider Logical Model"/><definition value="Provider data model implemented in UnEMR"/><min value="0"/><max value="*"/><base><path value="Base"/><min value="0"/><max value="*"/></base><isModifier value="false"/></element><element id="UnEMRProviderModel.providerId"><path value="UnEMRProviderModel.providerId"/><short value="Provider identifier"/><definition value="Provider identifier"/><min value="1"/><max value="1"/><base><path value="UnEMRProviderModel.providerId"/><min value="1"/><max value="1"/></base><type><code value="id"/></type></element><element id="UnEMRProviderModel.userStatus"><path value="UnEMRProviderModel.userStatus"/><short value="Provider account status"/><definition value="Provider account status (e.g. active, inactive, pending approval)"/><min value="1"/><max value="1"/><base><path value="UnEMRProviderModel.userStatus"/><min value="1"/><max value="1"/></base><type><code value="string"/></type></element><element id="UnEMRProviderModel.name"><path value="UnEMRProviderModel.name"/><short value="Name of the provider"/><definition value="Name of the provider"/><min value="1"/><max value="1"/><base><path value="UnEMRProviderModel.name"/><min value="1"/><max value="1"/></base><type><code value="HumanName"/></type></element><element id="UnEMRProviderModel.email"><path value="UnEMRProviderModel.email"/><short value="Email address of the provider"/><definition value="Email address of the provider"/><min value="1"/><max value="1"/><base><path value="UnEMRProviderModel.email"/><min value="1"/><max value="1"/></base><type><code value="string"/></type></element><element id="UnEMRProviderModel.phone"><path value="UnEMRProviderModel.phone"/><short value="Phone number of the provider"/><definition value="Phone number of the provider"/><min value="0"/><max value="1"/><base><path value="UnEMRProviderModel.phone"/><min value="0"/><max value="1"/></base><type><code value="string"/></type></element><element id="UnEMRProviderModel.dateOfBirth"><path value="UnEMRProviderModel.dateOfBirth"/><short value="Birthday of the provider"/><definition value="Birthday of the provider"/><min value="0"/><max value="1"/><base><path value="UnEMRProviderModel.dateOfBirth"/><min value="0"/><max value="1"/></base><type><code value="dateTime"/></type></element><element id="UnEMRProviderModel.licenseNumber"><path value="UnEMRProviderModel.licenseNumber"/><short value="License number of the provider"/><definition value="Valid license number of the provider. Provider must provide proof of validity"/><min value="1"/><max value="1"/><base><path value="UnEMRProviderModel.licenseNumber"/><min value="1"/><max value="1"/></base><type><code value="string"/></type></element><element id="UnEMRProviderModel.licenseExpiration"><path value="UnEMRProviderModel.licenseExpiration"/><short value="Expiration date of the license number"/><definition value="Expiration date of the license number"/><min value="1"/><max value="1"/><base><path value="UnEMRProviderModel.licenseExpiration"/><min value="1"/><max value="1"/></base><type><code value="dateTime"/></type></element><element id="UnEMRProviderModel.licenseIssuedBy"><path value="UnEMRProviderModel.licenseIssuedBy"/><short value="Organization who issued the license"/><definition value="Organization who issued the license"/><min value="0"/><max value="1"/><base><path value="UnEMRProviderModel.licenseIssuedBy"/><min value="0"/><max value="1"/></base><type><code value="string"/></type></element><element id="UnEMRProviderModel.currentPtrNumber"><path value="UnEMRProviderModel.currentPtrNumber"/><short value="Current PTR number of the provider"/><definition value="Current PTR number of the provider"/><min value="1"/><max value="1"/><base><path value="UnEMRProviderModel.currentPtrNumber"/><min value="1"/><max value="1"/></base><type><code value="string"/></type></element><element id="UnEMRProviderModel.fieldOfPractice"><path value="UnEMRProviderModel.fieldOfPractice"/><short value="Provider field of practice"/><definition value="Provider field of practice"/><min value="0"/><max value="*"/><base><path value="UnEMRProviderModel.fieldOfPractice"/><min value="0"/><max value="*"/></base><type><code value="CodeableConcept"/></type></element><element id="UnEMRProviderModel.specialization"><path value="UnEMRProviderModel.specialization"/><short value="Specialization of the provider"/><definition value="Specialization of the provider"/><min value="0"/><max value="*"/><base><path value="UnEMRProviderModel.specialization"/><min value="0"/><max value="*"/></base><type><code value="CodeableConcept"/></type></element><element id="UnEMRProviderModel.auditLog"><path value="UnEMRProviderModel.auditLog"/><short value="Record audit log"/><definition value="Record audit log"/><min value="1"/><max value="1"/><base><path value="UnEMRProviderModel.auditLog"/><min value="1"/><max value="1"/></base><type><code value="BackboneElement"/></type></element><element id="UnEMRProviderModel.auditLog.createdBy"><path value="UnEMRProviderModel.auditLog.createdBy"/><short value="Person who created the record"/><definition value="Person who created the provider record"/><min value="1"/><max value="1"/><base><path value="UnEMRProviderModel.auditLog.createdBy"/><min value="1"/><max value="1"/></base><type><code value="Reference"/></type></element><element id="UnEMRProviderModel.auditLog.dateCreated"><path value="UnEMRProviderModel.auditLog.dateCreated"/><short value="Date when the patient record was created"/><definition value="Date when the patient record was created"/><min value="1"/><max value="1"/><base><path value="UnEMRProviderModel.auditLog.dateCreated"/><min value="1"/><max value="1"/></base><type><code value="dateTime"/></type></element><element id="UnEMRProviderModel.auditLog.lastUpdatedBy"><path value="UnEMRProviderModel.auditLog.lastUpdatedBy"/><short value="Person who recently updated the record"/><definition value="Person who recently updated the record"/><min value="1"/><max value="1"/><base><path value="UnEMRProviderModel.auditLog.lastUpdatedBy"/><min value="1"/><max value="1"/></base><type><code value="Reference"/></type></element><element id="UnEMRProviderModel.auditLog.dateLastUpdated"><path value="UnEMRProviderModel.auditLog.dateLastUpdated"/><short value="Date when the patient record last updated"/><definition value="Date when the patient record last updated"/><min value="1"/><max value="1"/><base><path value="UnEMRProviderModel.auditLog.dateLastUpdated"/><min value="1"/><max value="1"/></base><type><code value="dateTime"/></type></element></snapshot><differential><element id="UnEMRProviderModel"><path value="UnEMRProviderModel"/><short value="UnEMR Provider Logical Model"/><definition value="Provider data model implemented in UnEMR"/></element><element id="UnEMRProviderModel.providerId"><path value="UnEMRProviderModel.providerId"/><short value="Provider identifier"/><definition value="Provider identifier"/><min value="1"/><max value="1"/><type><code value="id"/></type></element><element id="UnEMRProviderModel.userStatus"><path value="UnEMRProviderModel.userStatus"/><short value="Provider account status"/><definition value="Provider account status (e.g. active, inactive, pending approval)"/><min value="1"/><max value="1"/><type><code value="string"/></type></element><element id="UnEMRProviderModel.name"><path value="UnEMRProviderModel.name"/><short value="Name of the provider"/><definition value="Name of the provider"/><min value="1"/><max value="1"/><type><code value="HumanName"/></type></element><element id="UnEMRProviderModel.email"><path value="UnEMRProviderModel.email"/><short value="Email address of the provider"/><definition value="Email address of the provider"/><min value="1"/><max value="1"/><type><code value="string"/></type></element><element id="UnEMRProviderModel.phone"><path value="UnEMRProviderModel.phone"/><short value="Phone number of the provider"/><definition value="Phone number of the provider"/><min value="0"/><max value="1"/><type><code value="string"/></type></element><element id="UnEMRProviderModel.dateOfBirth"><path value="UnEMRProviderModel.dateOfBirth"/><short value="Birthday of the provider"/><definition value="Birthday of the provider"/><min value="0"/><max value="1"/><type><code value="dateTime"/></type></element><element id="UnEMRProviderModel.licenseNumber"><path value="UnEMRProviderModel.licenseNumber"/><short value="License number of the provider"/><definition value="Valid license number of the provider. Provider must provide proof of validity"/><min value="1"/><max value="1"/><type><code value="string"/></type></element><element id="UnEMRProviderModel.licenseExpiration"><path value="UnEMRProviderModel.licenseExpiration"/><short value="Expiration date of the license number"/><definition value="Expiration date of the license number"/><min value="1"/><max value="1"/><type><code value="dateTime"/></type></element><element id="UnEMRProviderModel.licenseIssuedBy"><path value="UnEMRProviderModel.licenseIssuedBy"/><short value="Organization who issued the license"/><definition value="Organization who issued the license"/><min value="0"/><max value="1"/><type><code value="string"/></type></element><element id="UnEMRProviderModel.currentPtrNumber"><path value="UnEMRProviderModel.currentPtrNumber"/><short value="Current PTR number of the provider"/><definition value="Current PTR number of the provider"/><min value="1"/><max value="1"/><type><code value="string"/></type></element><element id="UnEMRProviderModel.fieldOfPractice"><path value="UnEMRProviderModel.fieldOfPractice"/><short value="Provider field of practice"/><definition value="Provider field of practice"/><min value="0"/><max value="*"/><type><code value="CodeableConcept"/></type></element><element id="UnEMRProviderModel.specialization"><path value="UnEMRProviderModel.specialization"/><short value="Specialization of the provider"/><definition value="Specialization of the provider"/><min value="0"/><max value="*"/><type><code value="CodeableConcept"/></type></element><element id="UnEMRProviderModel.auditLog"><path value="UnEMRProviderModel.auditLog"/><short value="Record audit log"/><definition value="Record audit log"/><min value="1"/><max value="1"/><type><code value="BackboneElement"/></type></element><element id="UnEMRProviderModel.auditLog.createdBy"><path value="UnEMRProviderModel.auditLog.createdBy"/><short value="Person who created the record"/><definition value="Person who created the provider record"/><min value="1"/><max value="1"/><type><code value="Reference"/></type></element><element id="UnEMRProviderModel.auditLog.dateCreated"><path value="UnEMRProviderModel.auditLog.dateCreated"/><short value="Date when the patient record was created"/><definition value="Date when the patient record was created"/><min value="1"/><max value="1"/><type><code value="dateTime"/></type></element><element id="UnEMRProviderModel.auditLog.lastUpdatedBy"><path value="UnEMRProviderModel.auditLog.lastUpdatedBy"/><short value="Person who recently updated the record"/><definition value="Person who recently updated the record"/><min value="1"/><max value="1"/><type><code value="Reference"/></type></element><element id="UnEMRProviderModel.auditLog.dateLastUpdated"><path value="UnEMRProviderModel.auditLog.dateLastUpdated"/><short value="Date when the patient record last updated"/><definition value="Date when the patient record last updated"/><min value="1"/><max value="1"/><type><code value="dateTime"/></type></element></differential></StructureDefinition>