<?xml version="1.0" encoding="UTF-8"?><StructureDefinition xmlns="http://hl7.org/fhir"><id value="UnEMRPatientModel"/><text><status value="extensions"/><div xmlns="http://www.w3.org/1999/xhtml"><table border="0" cellpadding="0" cellspacing="0" style="border: 0px #F0F0F0 solid; font-size: 11px; font-family: verdana; vertical-align: top;"><tr style="border: 1px #F0F0F0 solid; font-size: 11px; font-family: verdana; vertical-align: top"><th style="vertical-align: top; text-align : left; background-color: white; border: 0px #F0F0F0 solid; padding:0px 4px 0px 4px" class="hierarchy"><a href="http://hl7.org/fhir/R4/formats.html#table" title="The logical name of the element">Name</a></th><th style="vertical-align: top; text-align : left; background-color: white; border: 0px #F0F0F0 solid; padding:0px 4px 0px 4px" class="hierarchy"><a href="http://hl7.org/fhir/R4/formats.html#table" title="Information about the use of the element">Flags</a></th><th style="vertical-align: top; text-align : left; background-color: white; border: 0px #F0F0F0 solid; padding:0px 4px 0px 4px" class="hierarchy"><a href="http://hl7.org/fhir/R4/formats.html#table" title="Minimum and Maximum # of times the the element can appear in the instance">Card.</a></th><th style="width: 100px" class="hierarchy"><a href="http://hl7.org/fhir/R4/formats.html#table" title="Reference to the type of the element">Type</a></th><th style="vertical-align: top; text-align : left; background-color: white; border: 0px #F0F0F0 solid; padding:0px 4px 0px 4px" class="hierarchy"><a href="http://hl7.org/fhir/R4/formats.html#table" title="Additional information about the element">Description &amp; Constraints</a><span style="float: right"><a href="http://hl7.org/fhir/R4/formats.html#table" title="Legend for this format"><img src="http://hl7.org/fhir/R4/help16.png" alt="doco" style="background-color: inherit"/></a></span></th></tr><tr style="border: 0px #F0F0F0 solid; padding:0px; vertical-align: top; background-color: white"><td style="vertical-align: top; text-align : left; background-color: white; border: 0px #F0F0F0 solid; padding:0px 4px 0px 4px; white-space: nowrap; background-image: url(tbl_bck1.png)" class="hierarchy"><img src="tbl_spacer.png" alt="." style="background-color: inherit" class="hierarchy"/><img src="icon_element.gif" alt="." style="background-color: white; background-color: inherit" title="Element" class="hierarchy"/> <a href="StructureDefinition-UnEMRPatientModel-definitions.html#UnEMRPatientModel" title="Patient data model implemented in UnEMR">UnEMRPatientModel</a><a name="UnEMRPatientModel"> </a></td><td style="vertical-align: top; text-align : left; background-color: white; border: 0px #F0F0F0 solid; padding:0px 4px 0px 4px" class="hierarchy"/><td style="vertical-align: top; text-align : left; background-color: white; border: 0px #F0F0F0 solid; padding:0px 4px 0px 4px" class="hierarchy"><span style="opacity: 0.5">0</span><span style="opacity: 0.5">..</span><span style="opacity: 0.5">*</span></td><td style="vertical-align: top; text-align : left; background-color: white; border: 0px #F0F0F0 solid; padding:0px 4px 0px 4px" class="hierarchy"/><td style="vertical-align: top; text-align : left; background-color: white; border: 0px #F0F0F0 solid; padding:0px 4px 0px 4px" class="hierarchy">UnEMR Patient Logical Model</td></tr>
<tr style="border: 0px #F0F0F0 solid; padding:0px; vertical-align: top; background-color: #F7F7F7"><td style="vertical-align: top; text-align : left; background-color: #F7F7F7; border: 0px #F0F0F0 solid; padding:0px 4px 0px 4px; white-space: nowrap; background-image: url(tbl_bck10.png)" class="hierarchy"><img src="tbl_spacer.png" alt="." style="background-color: inherit" class="hierarchy"/><img src="tbl_vjoin.png" alt="." style="background-color: inherit" class="hierarchy"/><img src="icon_primitive.png" alt="." style="background-color: #F7F7F7; background-color: inherit" title="Primitive Data Type" class="hierarchy"/> <a href="StructureDefinition-UnEMRPatientModel-definitions.html#UnEMRPatientModel.patientId" title="Patient identifier">patientId</a><a name="UnEMRPatientModel.patientId"> </a></td><td style="vertical-align: top; text-align : left; background-color: #F7F7F7; border: 0px #F0F0F0 solid; padding:0px 4px 0px 4px" class="hierarchy"/><td style="vertical-align: top; text-align : left; background-color: #F7F7F7; border: 0px #F0F0F0 solid; padding:0px 4px 0px 4px" class="hierarchy">1..1</td><td style="vertical-align: top; text-align : left; background-color: #F7F7F7; border: 0px #F0F0F0 solid; padding:0px 4px 0px 4px" class="hierarchy"><a href="http://hl7.org/fhir/R4/datatypes.html#id">id</a></td><td style="vertical-align: top; text-align : left; background-color: #F7F7F7; border: 0px #F0F0F0 solid; padding:0px 4px 0px 4px" class="hierarchy">Patient identifier</td></tr>
<tr style="border: 0px #F0F0F0 solid; padding:0px; vertical-align: top; background-color: white"><td style="vertical-align: top; text-align : left; background-color: white; border: 0px #F0F0F0 solid; padding:0px 4px 0px 4px; white-space: nowrap; background-image: url(tbl_bck10.png)" class="hierarchy"><img src="tbl_spacer.png" alt="." style="background-color: inherit" class="hierarchy"/><img src="tbl_vjoin.png" alt="." style="background-color: inherit" class="hierarchy"/><img src="icon_primitive.png" alt="." style="background-color: white; background-color: inherit" title="Primitive Data Type" class="hierarchy"/> <a href="StructureDefinition-UnEMRPatientModel-definitions.html#UnEMRPatientModel.userStatus" title="Patient status (e.g. active, inactive, pending approval)">userStatus</a><a name="UnEMRPatientModel.userStatus"> </a></td><td style="vertical-align: top; text-align : left; background-color: white; border: 0px #F0F0F0 solid; padding:0px 4px 0px 4px" class="hierarchy"/><td style="vertical-align: top; text-align : left; background-color: white; border: 0px #F0F0F0 solid; padding:0px 4px 0px 4px" class="hierarchy">1..1</td><td style="vertical-align: top; text-align : left; background-color: white; border: 0px #F0F0F0 solid; padding:0px 4px 0px 4px" class="hierarchy"><a href="http://hl7.org/fhir/R4/datatypes.html#string">string</a></td><td style="vertical-align: top; text-align : left; background-color: white; border: 0px #F0F0F0 solid; padding:0px 4px 0px 4px" class="hierarchy">Patient status</td></tr>
<tr style="border: 0px #F0F0F0 solid; padding:0px; vertical-align: top; background-color: #F7F7F7"><td style="vertical-align: top; text-align : left; background-color: #F7F7F7; border: 0px #F0F0F0 solid; padding:0px 4px 0px 4px; white-space: nowrap; background-image: url(tbl_bck10.png)" class="hierarchy"><img src="tbl_spacer.png" alt="." style="background-color: inherit" class="hierarchy"/><img src="tbl_vjoin.png" alt="." style="background-color: inherit" class="hierarchy"/><img src="icon_datatype.gif" alt="." style="background-color: #F7F7F7; background-color: inherit" title="Data Type" class="hierarchy"/> <a href="StructureDefinition-UnEMRPatientModel-definitions.html#UnEMRPatientModel.name" title="Name of patient">name</a><a name="UnEMRPatientModel.name"> </a></td><td style="vertical-align: top; text-align : left; background-color: #F7F7F7; border: 0px #F0F0F0 solid; padding:0px 4px 0px 4px" class="hierarchy"/><td style="vertical-align: top; text-align : left; background-color: #F7F7F7; border: 0px #F0F0F0 solid; padding:0px 4px 0px 4px" class="hierarchy">1..1</td><td style="vertical-align: top; text-align : left; background-color: #F7F7F7; border: 0px #F0F0F0 solid; padding:0px 4px 0px 4px" class="hierarchy"><a href="http://hl7.org/fhir/R4/datatypes.html#HumanName">HumanName</a></td><td style="vertical-align: top; text-align : left; background-color: #F7F7F7; border: 0px #F0F0F0 solid; padding:0px 4px 0px 4px" class="hierarchy">Name of patient</td></tr>
<tr style="border: 0px #F0F0F0 solid; padding:0px; vertical-align: top; background-color: white"><td style="vertical-align: top; text-align : left; background-color: white; border: 0px #F0F0F0 solid; padding:0px 4px 0px 4px; white-space: nowrap; background-image: url(tbl_bck10.png)" class="hierarchy"><img src="tbl_spacer.png" alt="." style="background-color: inherit" class="hierarchy"/><img src="tbl_vjoin.png" alt="." style="background-color: inherit" class="hierarchy"/><img src="icon_primitive.png" alt="." style="background-color: white; background-color: inherit" title="Primitive Data Type" class="hierarchy"/> <a href="StructureDefinition-UnEMRPatientModel-definitions.html#UnEMRPatientModel.email" title="Email of patient">email</a><a name="UnEMRPatientModel.email"> </a></td><td style="vertical-align: top; text-align : left; background-color: white; border: 0px #F0F0F0 solid; padding:0px 4px 0px 4px" class="hierarchy"/><td style="vertical-align: top; text-align : left; background-color: white; border: 0px #F0F0F0 solid; padding:0px 4px 0px 4px" class="hierarchy">1..1</td><td style="vertical-align: top; text-align : left; background-color: white; border: 0px #F0F0F0 solid; padding:0px 4px 0px 4px" class="hierarchy"><a href="http://hl7.org/fhir/R4/datatypes.html#string">string</a></td><td style="vertical-align: top; text-align : left; background-color: white; border: 0px #F0F0F0 solid; padding:0px 4px 0px 4px" class="hierarchy">Email of patient</td></tr>
<tr style="border: 0px #F0F0F0 solid; padding:0px; vertical-align: top; background-color: #F7F7F7"><td style="vertical-align: top; text-align : left; background-color: #F7F7F7; border: 0px #F0F0F0 solid; padding:0px 4px 0px 4px; white-space: nowrap; background-image: url(tbl_bck10.png)" class="hierarchy"><img src="tbl_spacer.png" alt="." style="background-color: inherit" class="hierarchy"/><img src="tbl_vjoin.png" alt="." style="background-color: inherit" class="hierarchy"/><img src="icon_primitive.png" alt="." style="background-color: #F7F7F7; background-color: inherit" title="Primitive Data Type" class="hierarchy"/> <a href="StructureDefinition-UnEMRPatientModel-definitions.html#UnEMRPatientModel.phone" title="Phone number of patient">phone</a><a name="UnEMRPatientModel.phone"> </a></td><td style="vertical-align: top; text-align : left; background-color: #F7F7F7; border: 0px #F0F0F0 solid; padding:0px 4px 0px 4px" class="hierarchy"/><td style="vertical-align: top; text-align : left; background-color: #F7F7F7; border: 0px #F0F0F0 solid; padding:0px 4px 0px 4px" class="hierarchy">0..1</td><td style="vertical-align: top; text-align : left; background-color: #F7F7F7; border: 0px #F0F0F0 solid; padding:0px 4px 0px 4px" class="hierarchy"><a href="http://hl7.org/fhir/R4/datatypes.html#string">string</a></td><td style="vertical-align: top; text-align : left; background-color: #F7F7F7; border: 0px #F0F0F0 solid; padding:0px 4px 0px 4px" class="hierarchy">Phone number of patient</td></tr>
<tr style="border: 0px #F0F0F0 solid; padding:0px; vertical-align: top; background-color: white"><td style="vertical-align: top; text-align : left; background-color: white; border: 0px #F0F0F0 solid; padding:0px 4px 0px 4px; white-space: nowrap; background-image: url(tbl_bck10.png)" class="hierarchy"><img src="tbl_spacer.png" alt="." style="background-color: inherit" class="hierarchy"/><img src="tbl_vjoin.png" alt="." style="background-color: inherit" class="hierarchy"/><img src="icon_datatype.gif" alt="." style="background-color: white; background-color: inherit" title="Data Type" class="hierarchy"/> <a href="StructureDefinition-UnEMRPatientModel-definitions.html#UnEMRPatientModel.sex" title="Gender of the patient">sex</a><a name="UnEMRPatientModel.sex"> </a></td><td style="vertical-align: top; text-align : left; background-color: white; border: 0px #F0F0F0 solid; padding:0px 4px 0px 4px" class="hierarchy"/><td style="vertical-align: top; text-align : left; background-color: white; border: 0px #F0F0F0 solid; padding:0px 4px 0px 4px" class="hierarchy">0..1</td><td style="vertical-align: top; text-align : left; background-color: white; border: 0px #F0F0F0 solid; padding:0px 4px 0px 4px" class="hierarchy"><a href="http://hl7.org/fhir/R4/datatypes.html#CodeableConcept">CodeableConcept</a></td><td style="vertical-align: top; text-align : left; background-color: white; border: 0px #F0F0F0 solid; padding:0px 4px 0px 4px" class="hierarchy">Gender of the patient</td></tr>
<tr style="border: 0px #F0F0F0 solid; padding:0px; vertical-align: top; background-color: #F7F7F7"><td style="vertical-align: top; text-align : left; background-color: #F7F7F7; border: 0px #F0F0F0 solid; padding:0px 4px 0px 4px; white-space: nowrap; background-image: url(tbl_bck10.png)" class="hierarchy"><img src="tbl_spacer.png" alt="." style="background-color: inherit" class="hierarchy"/><img src="tbl_vjoin.png" alt="." style="background-color: inherit" class="hierarchy"/><img src="icon_primitive.png" alt="." style="background-color: #F7F7F7; background-color: inherit" title="Primitive Data Type" class="hierarchy"/> <a href="StructureDefinition-UnEMRPatientModel-definitions.html#UnEMRPatientModel.dateOfBirth" title="Birthday of the patient. Required for the calculation of age">dateOfBirth</a><a name="UnEMRPatientModel.dateOfBirth"> </a></td><td style="vertical-align: top; text-align : left; background-color: #F7F7F7; border: 0px #F0F0F0 solid; padding:0px 4px 0px 4px" class="hierarchy"/><td style="vertical-align: top; text-align : left; background-color: #F7F7F7; border: 0px #F0F0F0 solid; padding:0px 4px 0px 4px" class="hierarchy">1..1</td><td style="vertical-align: top; text-align : left; background-color: #F7F7F7; border: 0px #F0F0F0 solid; padding:0px 4px 0px 4px" class="hierarchy"><a href="http://hl7.org/fhir/R4/datatypes.html#dateTime">dateTime</a></td><td style="vertical-align: top; text-align : left; background-color: #F7F7F7; border: 0px #F0F0F0 solid; padding:0px 4px 0px 4px" class="hierarchy">Birthday of the patient</td></tr>
<tr style="border: 0px #F0F0F0 solid; padding:0px; vertical-align: top; background-color: white"><td style="vertical-align: top; text-align : left; background-color: white; border: 0px #F0F0F0 solid; padding:0px 4px 0px 4px; white-space: nowrap; background-image: url(tbl_bck10.png)" class="hierarchy"><img src="tbl_spacer.png" alt="." style="background-color: inherit" class="hierarchy"/><img src="tbl_vjoin.png" alt="." style="background-color: inherit" class="hierarchy"/><img src="icon_datatype.gif" alt="." style="background-color: white; background-color: inherit" title="Data Type" class="hierarchy"/> <a href="StructureDefinition-UnEMRPatientModel-definitions.html#UnEMRPatientModel.address" title="Defines where the patient resides">address</a><a name="UnEMRPatientModel.address"> </a></td><td style="vertical-align: top; text-align : left; background-color: white; border: 0px #F0F0F0 solid; padding:0px 4px 0px 4px" class="hierarchy"/><td style="vertical-align: top; text-align : left; background-color: white; border: 0px #F0F0F0 solid; padding:0px 4px 0px 4px" class="hierarchy">0..1</td><td style="vertical-align: top; text-align : left; background-color: white; border: 0px #F0F0F0 solid; padding:0px 4px 0px 4px" class="hierarchy"><a href="http://hl7.org/fhir/R4/datatypes.html#Address">Address</a></td><td style="vertical-align: top; text-align : left; background-color: white; border: 0px #F0F0F0 solid; padding:0px 4px 0px 4px" class="hierarchy">Address of the patient</td></tr>
<tr style="border: 0px #F0F0F0 solid; padding:0px; vertical-align: top; background-color: #F7F7F7"><td style="vertical-align: top; text-align : left; background-color: #F7F7F7; border: 0px #F0F0F0 solid; padding:0px 4px 0px 4px; white-space: nowrap; background-image: url(tbl_bck11.png)" class="hierarchy"><img src="tbl_spacer.png" alt="." style="background-color: inherit" class="hierarchy"/><img src="tbl_vjoin.png" alt="." style="background-color: inherit" class="hierarchy"/><img src="icon_datatype.gif" alt="." style="background-color: #F7F7F7; background-color: inherit" title="Data Type" class="hierarchy"/> <a href="StructureDefinition-UnEMRPatientModel-definitions.html#UnEMRPatientModel.emergencyContact" title="Person identified as emergency contact of the patient">emergencyContact</a><a name="UnEMRPatientModel.emergencyContact"> </a></td><td style="vertical-align: top; text-align : left; background-color: #F7F7F7; border: 0px #F0F0F0 solid; padding:0px 4px 0px 4px" class="hierarchy"/><td style="vertical-align: top; text-align : left; background-color: #F7F7F7; border: 0px #F0F0F0 solid; padding:0px 4px 0px 4px" class="hierarchy">0..1</td><td style="vertical-align: top; text-align : left; background-color: #F7F7F7; border: 0px #F0F0F0 solid; padding:0px 4px 0px 4px" class="hierarchy"><a href="http://hl7.org/fhir/R4/datatypes.html#BackboneElement">BackboneElement</a></td><td style="vertical-align: top; text-align : left; background-color: #F7F7F7; border: 0px #F0F0F0 solid; padding:0px 4px 0px 4px" class="hierarchy">Emergency contact of the patient</td></tr>
<tr style="border: 0px #F0F0F0 solid; padding:0px; vertical-align: top; background-color: white"><td style="vertical-align: top; text-align : left; background-color: white; border: 0px #F0F0F0 solid; padding:0px 4px 0px 4px; white-space: nowrap; background-image: url(tbl_bck110.png)" class="hierarchy"><img src="tbl_spacer.png" alt="." style="background-color: inherit" class="hierarchy"/><img src="tbl_vline.png" alt="." style="background-color: inherit" class="hierarchy"/><img src="tbl_vjoin.png" alt="." style="background-color: inherit" class="hierarchy"/><img src="icon_datatype.gif" alt="." style="background-color: white; background-color: inherit" title="Data Type" class="hierarchy"/> <a href="StructureDefinition-UnEMRPatientModel-definitions.html#UnEMRPatientModel.emergencyContact.emergencyContactName" title="Name of the emergency contact">emergencyContactName</a><a name="UnEMRPatientModel.emergencyContact.emergencyContactName"> </a></td><td style="vertical-align: top; text-align : left; background-color: white; border: 0px #F0F0F0 solid; padding:0px 4px 0px 4px" class="hierarchy"/><td style="vertical-align: top; text-align : left; background-color: white; border: 0px #F0F0F0 solid; padding:0px 4px 0px 4px" class="hierarchy">0..1</td><td style="vertical-align: top; text-align : left; background-color: white; border: 0px #F0F0F0 solid; padding:0px 4px 0px 4px" class="hierarchy"><a href="http://hl7.org/fhir/R4/datatypes.html#HumanName">HumanName</a></td><td style="vertical-align: top; text-align : left; background-color: white; border: 0px #F0F0F0 solid; padding:0px 4px 0px 4px" class="hierarchy">Name of the emergency contact</td></tr>
<tr style="border: 0px #F0F0F0 solid; padding:0px; vertical-align: top; background-color: #F7F7F7"><td style="vertical-align: top; text-align : left; background-color: #F7F7F7; border: 0px #F0F0F0 solid; padding:0px 4px 0px 4px; white-space: nowrap; background-image: url(tbl_bck110.png)" class="hierarchy"><img src="tbl_spacer.png" alt="." style="background-color: inherit" class="hierarchy"/><img src="tbl_vline.png" alt="." style="background-color: inherit" class="hierarchy"/><img src="tbl_vjoin.png" alt="." style="background-color: inherit" class="hierarchy"/><img src="icon_primitive.png" alt="." style="background-color: #F7F7F7; background-color: inherit" title="Primitive Data Type" class="hierarchy"/> <a href="StructureDefinition-UnEMRPatientModel-definitions.html#UnEMRPatientModel.emergencyContact.emergencyContactRelationship" title="Relationship of the contact to the patient">emergencyContactRelationship</a><a name="UnEMRPatientModel.emergencyContact.emergencyContactRelationship"> </a></td><td style="vertical-align: top; text-align : left; background-color: #F7F7F7; border: 0px #F0F0F0 solid; padding:0px 4px 0px 4px" class="hierarchy"/><td style="vertical-align: top; text-align : left; background-color: #F7F7F7; border: 0px #F0F0F0 solid; padding:0px 4px 0px 4px" class="hierarchy">0..1</td><td style="vertical-align: top; text-align : left; background-color: #F7F7F7; border: 0px #F0F0F0 solid; padding:0px 4px 0px 4px" class="hierarchy"><a href="http://hl7.org/fhir/R4/datatypes.html#string">string</a></td><td style="vertical-align: top; text-align : left; background-color: #F7F7F7; border: 0px #F0F0F0 solid; padding:0px 4px 0px 4px" class="hierarchy">Relationship of the contact to the patient</td></tr>
<tr style="border: 0px #F0F0F0 solid; padding:0px; vertical-align: top; background-color: white"><td style="vertical-align: top; text-align : left; background-color: white; border: 0px #F0F0F0 solid; padding:0px 4px 0px 4px; white-space: nowrap; background-image: url(tbl_bck110.png)" class="hierarchy"><img src="tbl_spacer.png" alt="." style="background-color: inherit" class="hierarchy"/><img src="tbl_vline.png" alt="." style="background-color: inherit" class="hierarchy"/><img src="tbl_vjoin.png" alt="." style="background-color: inherit" class="hierarchy"/><img src="icon_datatype.gif" alt="." style="background-color: white; background-color: inherit" title="Data Type" class="hierarchy"/> <a href="StructureDefinition-UnEMRPatientModel-definitions.html#UnEMRPatientModel.emergencyContact.emergencyContactAddress" title="Address of the emergency contact person">emergencyContactAddress</a><a name="UnEMRPatientModel.emergencyContact.emergencyContactAddress"> </a></td><td style="vertical-align: top; text-align : left; background-color: white; border: 0px #F0F0F0 solid; padding:0px 4px 0px 4px" class="hierarchy"/><td style="vertical-align: top; text-align : left; background-color: white; border: 0px #F0F0F0 solid; padding:0px 4px 0px 4px" class="hierarchy">0..1</td><td style="vertical-align: top; text-align : left; background-color: white; border: 0px #F0F0F0 solid; padding:0px 4px 0px 4px" class="hierarchy"><a href="http://hl7.org/fhir/R4/datatypes.html#Address">Address</a></td><td style="vertical-align: top; text-align : left; background-color: white; border: 0px #F0F0F0 solid; padding:0px 4px 0px 4px" class="hierarchy">Address of the contact</td></tr>
<tr style="border: 0px #F0F0F0 solid; padding:0px; vertical-align: top; background-color: #F7F7F7"><td style="vertical-align: top; text-align : left; background-color: #F7F7F7; border: 0px #F0F0F0 solid; padding:0px 4px 0px 4px; white-space: nowrap; background-image: url(tbl_bck110.png)" class="hierarchy"><img src="tbl_spacer.png" alt="." style="background-color: inherit" class="hierarchy"/><img src="tbl_vline.png" alt="." style="background-color: inherit" class="hierarchy"/><img src="tbl_vjoin.png" alt="." style="background-color: inherit" class="hierarchy"/><img src="icon_primitive.png" alt="." style="background-color: #F7F7F7; background-color: inherit" title="Primitive Data Type" class="hierarchy"/> <a href="StructureDefinition-UnEMRPatientModel-definitions.html#UnEMRPatientModel.emergencyContact.emergencyContactPhone" title="Phone number of the emergency contact person">emergencyContactPhone</a><a name="UnEMRPatientModel.emergencyContact.emergencyContactPhone"> </a></td><td style="vertical-align: top; text-align : left; background-color: #F7F7F7; border: 0px #F0F0F0 solid; padding:0px 4px 0px 4px" class="hierarchy"/><td style="vertical-align: top; text-align : left; background-color: #F7F7F7; border: 0px #F0F0F0 solid; padding:0px 4px 0px 4px" class="hierarchy">0..1</td><td style="vertical-align: top; text-align : left; background-color: #F7F7F7; border: 0px #F0F0F0 solid; padding:0px 4px 0px 4px" class="hierarchy"><a href="http://hl7.org/fhir/R4/datatypes.html#string">string</a></td><td style="vertical-align: top; text-align : left; background-color: #F7F7F7; border: 0px #F0F0F0 solid; padding:0px 4px 0px 4px" class="hierarchy">Phone number of the contact</td></tr>
<tr style="border: 0px #F0F0F0 solid; padding:0px; vertical-align: top; background-color: white"><td style="vertical-align: top; text-align : left; background-color: white; border: 0px #F0F0F0 solid; padding:0px 4px 0px 4px; white-space: nowrap; background-image: url(tbl_bck100.png)" class="hierarchy"><img src="tbl_spacer.png" alt="." style="background-color: inherit" class="hierarchy"/><img src="tbl_vline.png" alt="." style="background-color: inherit" class="hierarchy"/><img src="tbl_vjoin_end.png" alt="." style="background-color: inherit" class="hierarchy"/><img src="icon_primitive.png" alt="." style="background-color: white; background-color: inherit" title="Primitive Data Type" class="hierarchy"/> <a href="StructureDefinition-UnEMRPatientModel-definitions.html#UnEMRPatientModel.emergencyContact.emergencyContactEmail" title="Email address of the emergency contact person">emergencyContactEmail</a><a name="UnEMRPatientModel.emergencyContact.emergencyContactEmail"> </a></td><td style="vertical-align: top; text-align : left; background-color: white; border: 0px #F0F0F0 solid; padding:0px 4px 0px 4px" class="hierarchy"/><td style="vertical-align: top; text-align : left; background-color: white; border: 0px #F0F0F0 solid; padding:0px 4px 0px 4px" class="hierarchy">0..1</td><td style="vertical-align: top; text-align : left; background-color: white; border: 0px #F0F0F0 solid; padding:0px 4px 0px 4px" class="hierarchy"><a href="http://hl7.org/fhir/R4/datatypes.html#string">string</a></td><td style="vertical-align: top; text-align : left; background-color: white; border: 0px #F0F0F0 solid; padding:0px 4px 0px 4px" class="hierarchy">Email address of the contact</td></tr>
<tr style="border: 0px #F0F0F0 solid; padding:0px; vertical-align: top; background-color: #F7F7F7"><td style="vertical-align: top; text-align : left; background-color: #F7F7F7; border: 0px #F0F0F0 solid; padding:0px 4px 0px 4px; white-space: nowrap; background-image: url(tbl_bck10.png)" class="hierarchy"><img src="tbl_spacer.png" alt="." style="background-color: inherit" class="hierarchy"/><img src="tbl_vjoin.png" alt="." style="background-color: inherit" class="hierarchy"/><img src="icon_reference.png" alt="." style="background-color: #F7F7F7; background-color: inherit" title="Reference to another Resource" class="hierarchy"/> <a href="StructureDefinition-UnEMRPatientModel-definitions.html#UnEMRPatientModel.provider" title="The provider handling the patient">provider</a><a name="UnEMRPatientModel.provider"> </a></td><td style="vertical-align: top; text-align : left; background-color: #F7F7F7; border: 0px #F0F0F0 solid; padding:0px 4px 0px 4px" class="hierarchy"/><td style="vertical-align: top; text-align : left; background-color: #F7F7F7; border: 0px #F0F0F0 solid; padding:0px 4px 0px 4px" class="hierarchy">0..1</td><td style="vertical-align: top; text-align : left; background-color: #F7F7F7; border: 0px #F0F0F0 solid; padding:0px 4px 0px 4px" class="hierarchy"><a href="http://hl7.org/fhir/R4/references.html">Reference</a>()</td><td style="vertical-align: top; text-align : left; background-color: #F7F7F7; border: 0px #F0F0F0 solid; padding:0px 4px 0px 4px" class="hierarchy">The provider handling the patient</td></tr>
<tr style="border: 0px #F0F0F0 solid; padding:0px; vertical-align: top; background-color: white"><td style="vertical-align: top; text-align : left; background-color: white; border: 0px #F0F0F0 solid; padding:0px 4px 0px 4px; white-space: nowrap; background-image: url(tbl_bck10.png)" class="hierarchy"><img src="tbl_spacer.png" alt="." style="background-color: inherit" class="hierarchy"/><img src="tbl_vjoin.png" alt="." style="background-color: inherit" class="hierarchy"/><img src="icon_reference.png" alt="." style="background-color: white; background-color: inherit" title="Reference to another Resource" class="hierarchy"/> <a href="StructureDefinition-UnEMRPatientModel-definitions.html#UnEMRPatientModel.providerReferral" title="The provider referred by the primary provider to handle the patient">providerReferral</a><a name="UnEMRPatientModel.providerReferral"> </a></td><td style="vertical-align: top; text-align : left; background-color: white; border: 0px #F0F0F0 solid; padding:0px 4px 0px 4px" class="hierarchy"/><td style="vertical-align: top; text-align : left; background-color: white; border: 0px #F0F0F0 solid; padding:0px 4px 0px 4px" class="hierarchy">0..1</td><td style="vertical-align: top; text-align : left; background-color: white; border: 0px #F0F0F0 solid; padding:0px 4px 0px 4px" class="hierarchy"><a href="http://hl7.org/fhir/R4/references.html">Reference</a>()</td><td style="vertical-align: top; text-align : left; background-color: white; border: 0px #F0F0F0 solid; padding:0px 4px 0px 4px" class="hierarchy">Provider referred by primary provider</td></tr>
<tr style="border: 0px #F0F0F0 solid; padding:0px; vertical-align: top; background-color: #F7F7F7"><td style="vertical-align: top; text-align : left; background-color: #F7F7F7; border: 0px #F0F0F0 solid; padding:0px 4px 0px 4px; white-space: nowrap; background-image: url(tbl_bck10.png)" class="hierarchy"><img src="tbl_spacer.png" alt="." style="background-color: inherit" class="hierarchy"/><img src="tbl_vjoin.png" alt="." style="background-color: inherit" class="hierarchy"/><img src="icon_reference.png" alt="." style="background-color: #F7F7F7; background-color: inherit" title="Reference to another Resource" class="hierarchy"/> <a href="StructureDefinition-UnEMRPatientModel-definitions.html#UnEMRPatientModel.providerSelfReferral" title="The provider chosen by the patient for consultation. The provider is chosen from a list of providers accessible to the patient">providerSelfReferral</a><a name="UnEMRPatientModel.providerSelfReferral"> </a></td><td style="vertical-align: top; text-align : left; background-color: #F7F7F7; border: 0px #F0F0F0 solid; padding:0px 4px 0px 4px" class="hierarchy"/><td style="vertical-align: top; text-align : left; background-color: #F7F7F7; border: 0px #F0F0F0 solid; padding:0px 4px 0px 4px" class="hierarchy">0..1</td><td style="vertical-align: top; text-align : left; background-color: #F7F7F7; border: 0px #F0F0F0 solid; padding:0px 4px 0px 4px" class="hierarchy"><a href="http://hl7.org/fhir/R4/references.html">Reference</a>()</td><td style="vertical-align: top; text-align : left; background-color: #F7F7F7; border: 0px #F0F0F0 solid; padding:0px 4px 0px 4px" class="hierarchy">Provider referred by the patient</td></tr>
<tr style="border: 0px #F0F0F0 solid; padding:0px; vertical-align: top; background-color: white"><td style="vertical-align: top; text-align : left; background-color: white; border: 0px #F0F0F0 solid; padding:0px 4px 0px 4px; white-space: nowrap; background-image: url(tbl_bck10.png)" class="hierarchy"><img src="tbl_spacer.png" alt="." style="background-color: inherit" class="hierarchy"/><img src="tbl_vjoin.png" alt="." style="background-color: inherit" class="hierarchy"/><img src="icon_primitive.png" alt="." style="background-color: white; background-color: inherit" title="Primitive Data Type" class="hierarchy"/> <a href="StructureDefinition-UnEMRPatientModel-definitions.html#UnEMRPatientModel.referralNotes" title="Notes describing the referral">referralNotes</a><a name="UnEMRPatientModel.referralNotes"> </a></td><td style="vertical-align: top; text-align : left; background-color: white; border: 0px #F0F0F0 solid; padding:0px 4px 0px 4px" class="hierarchy"/><td style="vertical-align: top; text-align : left; background-color: white; border: 0px #F0F0F0 solid; padding:0px 4px 0px 4px" class="hierarchy">0..*</td><td style="vertical-align: top; text-align : left; background-color: white; border: 0px #F0F0F0 solid; padding:0px 4px 0px 4px" class="hierarchy"><a href="http://hl7.org/fhir/R4/datatypes.html#string">string</a></td><td style="vertical-align: top; text-align : left; background-color: white; border: 0px #F0F0F0 solid; padding:0px 4px 0px 4px" class="hierarchy">Notes describing the referral<br/></td></tr>
<tr style="border: 0px #F0F0F0 solid; padding:0px; vertical-align: top; background-color: #F7F7F7"><td style="vertical-align: top; text-align : left; background-color: #F7F7F7; border: 0px #F0F0F0 solid; padding:0px 4px 0px 4px; white-space: nowrap; background-image: url(tbl_bck10.png)" class="hierarchy"><img src="tbl_spacer.png" alt="." style="background-color: inherit" class="hierarchy"/><img src="tbl_vjoin.png" alt="." style="background-color: inherit" class="hierarchy"/><img src="icon_datatype.gif" alt="." style="background-color: #F7F7F7; background-color: inherit" title="Data Type" class="hierarchy"/> <a href="StructureDefinition-UnEMRPatientModel-definitions.html#UnEMRPatientModel.allergies" title="Allergies of the patient">allergies</a><a name="UnEMRPatientModel.allergies"> </a></td><td style="vertical-align: top; text-align : left; background-color: #F7F7F7; border: 0px #F0F0F0 solid; padding:0px 4px 0px 4px" class="hierarchy"/><td style="vertical-align: top; text-align : left; background-color: #F7F7F7; border: 0px #F0F0F0 solid; padding:0px 4px 0px 4px" class="hierarchy">0..*</td><td style="vertical-align: top; text-align : left; background-color: #F7F7F7; border: 0px #F0F0F0 solid; padding:0px 4px 0px 4px" class="hierarchy"><a href="http://hl7.org/fhir/R4/datatypes.html#CodeableConcept">CodeableConcept</a></td><td style="vertical-align: top; text-align : left; background-color: #F7F7F7; border: 0px #F0F0F0 solid; padding:0px 4px 0px 4px" class="hierarchy">Allergies of the patient<br/></td></tr>
<tr style="border: 0px #F0F0F0 solid; padding:0px; vertical-align: top; background-color: white"><td style="vertical-align: top; text-align : left; background-color: white; border: 0px #F0F0F0 solid; padding:0px 4px 0px 4px; white-space: nowrap; background-image: url(tbl_bck10.png)" class="hierarchy"><img src="tbl_spacer.png" alt="." style="background-color: inherit" class="hierarchy"/><img src="tbl_vjoin.png" alt="." style="background-color: inherit" class="hierarchy"/><img src="icon_datatype.gif" alt="." style="background-color: white; background-color: inherit" title="Data Type" class="hierarchy"/> <a href="StructureDefinition-UnEMRPatientModel-definitions.html#UnEMRPatientModel.immunizations" title="Immunization history of the patient">immunizations</a><a name="UnEMRPatientModel.immunizations"> </a></td><td style="vertical-align: top; text-align : left; background-color: white; border: 0px #F0F0F0 solid; padding:0px 4px 0px 4px" class="hierarchy"/><td style="vertical-align: top; text-align : left; background-color: white; border: 0px #F0F0F0 solid; padding:0px 4px 0px 4px" class="hierarchy">0..*</td><td style="vertical-align: top; text-align : left; background-color: white; border: 0px #F0F0F0 solid; padding:0px 4px 0px 4px" class="hierarchy"><a href="http://hl7.org/fhir/R4/datatypes.html#CodeableConcept">CodeableConcept</a></td><td style="vertical-align: top; text-align : left; background-color: white; border: 0px #F0F0F0 solid; padding:0px 4px 0px 4px" class="hierarchy">Immunization history of the patient<br/></td></tr>
<tr style="border: 0px #F0F0F0 solid; padding:0px; vertical-align: top; background-color: #F7F7F7"><td style="vertical-align: top; text-align : left; background-color: #F7F7F7; border: 0px #F0F0F0 solid; padding:0px 4px 0px 4px; white-space: nowrap; background-image: url(tbl_bck10.png)" class="hierarchy"><img src="tbl_spacer.png" alt="." style="background-color: inherit" class="hierarchy"/><img src="tbl_vjoin.png" alt="." style="background-color: inherit" class="hierarchy"/><img src="icon_datatype.gif" alt="." style="background-color: #F7F7F7; background-color: inherit" title="Data Type" class="hierarchy"/> <a href="StructureDefinition-UnEMRPatientModel-definitions.html#UnEMRPatientModel.medications" title="History of medications taken by the patient relevant to the current consultation">medications</a><a name="UnEMRPatientModel.medications"> </a></td><td style="vertical-align: top; text-align : left; background-color: #F7F7F7; border: 0px #F0F0F0 solid; padding:0px 4px 0px 4px" class="hierarchy"/><td style="vertical-align: top; text-align : left; background-color: #F7F7F7; border: 0px #F0F0F0 solid; padding:0px 4px 0px 4px" class="hierarchy">0..*</td><td style="vertical-align: top; text-align : left; background-color: #F7F7F7; border: 0px #F0F0F0 solid; padding:0px 4px 0px 4px" class="hierarchy"><a href="http://hl7.org/fhir/R4/datatypes.html#CodeableConcept">CodeableConcept</a></td><td style="vertical-align: top; text-align : left; background-color: #F7F7F7; border: 0px #F0F0F0 solid; padding:0px 4px 0px 4px" class="hierarchy">Medication history of the patient<br/></td></tr>
<tr style="border: 0px #F0F0F0 solid; padding:0px; vertical-align: top; background-color: white"><td style="vertical-align: top; text-align : left; background-color: white; border: 0px #F0F0F0 solid; padding:0px 4px 0px 4px; white-space: nowrap; background-image: url(tbl_bck10.png)" class="hierarchy"><img src="tbl_spacer.png" alt="." style="background-color: inherit" class="hierarchy"/><img src="tbl_vjoin.png" alt="." style="background-color: inherit" class="hierarchy"/><img src="icon_primitive.png" alt="." style="background-color: white; background-color: inherit" title="Primitive Data Type" class="hierarchy"/> <a href="StructureDefinition-UnEMRPatientModel-definitions.html#UnEMRPatientModel.patientNotes" title="Additional notes about the patient">patientNotes</a><a name="UnEMRPatientModel.patientNotes"> </a></td><td style="vertical-align: top; text-align : left; background-color: white; border: 0px #F0F0F0 solid; padding:0px 4px 0px 4px" class="hierarchy"/><td style="vertical-align: top; text-align : left; background-color: white; border: 0px #F0F0F0 solid; padding:0px 4px 0px 4px" class="hierarchy">0..*</td><td style="vertical-align: top; text-align : left; background-color: white; border: 0px #F0F0F0 solid; padding:0px 4px 0px 4px" class="hierarchy"><a href="http://hl7.org/fhir/R4/datatypes.html#string">string</a></td><td style="vertical-align: top; text-align : left; background-color: white; border: 0px #F0F0F0 solid; padding:0px 4px 0px 4px" class="hierarchy">Additional notes about the patient<br/></td></tr>
<tr style="border: 0px #F0F0F0 solid; padding:0px; vertical-align: top; background-color: #F7F7F7"><td style="vertical-align: top; text-align : left; background-color: #F7F7F7; border: 0px #F0F0F0 solid; padding:0px 4px 0px 4px; white-space: nowrap; background-image: url(tbl_bck10.png)" class="hierarchy"><img src="tbl_spacer.png" alt="." style="background-color: inherit" class="hierarchy"/><img src="tbl_vjoin.png" alt="." style="background-color: inherit" class="hierarchy"/><img src="icon_primitive.png" alt="." style="background-color: #F7F7F7; background-color: inherit" title="Primitive Data Type" class="hierarchy"/> <a href="StructureDefinition-UnEMRPatientModel-definitions.html#UnEMRPatientModel.comments" title="Additional comments regarding this patient record">comments</a><a name="UnEMRPatientModel.comments"> </a></td><td style="vertical-align: top; text-align : left; background-color: #F7F7F7; border: 0px #F0F0F0 solid; padding:0px 4px 0px 4px" class="hierarchy"/><td style="vertical-align: top; text-align : left; background-color: #F7F7F7; border: 0px #F0F0F0 solid; padding:0px 4px 0px 4px" class="hierarchy">0..*</td><td style="vertical-align: top; text-align : left; background-color: #F7F7F7; border: 0px #F0F0F0 solid; padding:0px 4px 0px 4px" class="hierarchy"><a href="http://hl7.org/fhir/R4/datatypes.html#string">string</a></td><td style="vertical-align: top; text-align : left; background-color: #F7F7F7; border: 0px #F0F0F0 solid; padding:0px 4px 0px 4px" class="hierarchy">Additional comments regarding this patient record<br/></td></tr>
<tr style="border: 0px #F0F0F0 solid; padding:0px; vertical-align: top; background-color: white"><td style="vertical-align: top; text-align : left; background-color: white; border: 0px #F0F0F0 solid; padding:0px 4px 0px 4px; white-space: nowrap; background-image: url(tbl_bck10.png)" class="hierarchy"><img src="tbl_spacer.png" alt="." style="background-color: inherit" class="hierarchy"/><img src="tbl_vjoin.png" alt="." style="background-color: inherit" class="hierarchy"/><img src="icon_reference.png" alt="." style="background-color: white; background-color: inherit" title="Reference to another Resource" class="hierarchy"/> <a href="StructureDefinition-UnEMRPatientModel-definitions.html#UnEMRPatientModel.consent" title="Consent agreed upon by the patient regarding their patient data">consent</a><a name="UnEMRPatientModel.consent"> </a></td><td style="vertical-align: top; text-align : left; background-color: white; border: 0px #F0F0F0 solid; padding:0px 4px 0px 4px" class="hierarchy"/><td style="vertical-align: top; text-align : left; background-color: white; border: 0px #F0F0F0 solid; padding:0px 4px 0px 4px" class="hierarchy">1..1</td><td style="vertical-align: top; text-align : left; background-color: white; border: 0px #F0F0F0 solid; padding:0px 4px 0px 4px" class="hierarchy"><a href="http://hl7.org/fhir/R4/references.html">Reference</a>()</td><td style="vertical-align: top; text-align : left; background-color: white; border: 0px #F0F0F0 solid; padding:0px 4px 0px 4px" class="hierarchy">Patient consent information</td></tr>
<tr style="border: 0px #F0F0F0 solid; padding:0px; vertical-align: top; background-color: #F7F7F7"><td style="vertical-align: top; text-align : left; background-color: #F7F7F7; border: 0px #F0F0F0 solid; padding:0px 4px 0px 4px; white-space: nowrap; background-image: url(tbl_bck01.png)" class="hierarchy"><img src="tbl_spacer.png" alt="." style="background-color: inherit" class="hierarchy"/><img src="tbl_vjoin_end.png" alt="." style="background-color: inherit" class="hierarchy"/><img src="icon_datatype.gif" alt="." style="background-color: #F7F7F7; background-color: inherit" title="Data Type" class="hierarchy"/> <a href="StructureDefinition-UnEMRPatientModel-definitions.html#UnEMRPatientModel.auditLog" title="Record audit log">auditLog</a><a name="UnEMRPatientModel.auditLog"> </a></td><td style="vertical-align: top; text-align : left; background-color: #F7F7F7; border: 0px #F0F0F0 solid; padding:0px 4px 0px 4px" class="hierarchy"/><td style="vertical-align: top; text-align : left; background-color: #F7F7F7; border: 0px #F0F0F0 solid; padding:0px 4px 0px 4px" class="hierarchy">1..1</td><td style="vertical-align: top; text-align : left; background-color: #F7F7F7; border: 0px #F0F0F0 solid; padding:0px 4px 0px 4px" class="hierarchy"><a href="http://hl7.org/fhir/R4/datatypes.html#BackboneElement">BackboneElement</a></td><td style="vertical-align: top; text-align : left; background-color: #F7F7F7; border: 0px #F0F0F0 solid; padding:0px 4px 0px 4px" class="hierarchy">Record audit log</td></tr>
<tr style="border: 0px #F0F0F0 solid; padding:0px; vertical-align: top; background-color: white"><td style="vertical-align: top; text-align : left; background-color: white; border: 0px #F0F0F0 solid; padding:0px 4px 0px 4px; white-space: nowrap; background-image: url(tbl_bck010.png)" class="hierarchy"><img src="tbl_spacer.png" alt="." style="background-color: inherit" class="hierarchy"/><img src="tbl_blank.png" alt="." style="background-color: inherit" class="hierarchy"/><img src="tbl_vjoin.png" alt="." style="background-color: inherit" class="hierarchy"/><img src="icon_reference.png" alt="." style="background-color: white; background-color: inherit" title="Reference to another Resource" class="hierarchy"/> <a href="StructureDefinition-UnEMRPatientModel-definitions.html#UnEMRPatientModel.auditLog.createdBy" title="Person who created the patient record">createdBy</a><a name="UnEMRPatientModel.auditLog.createdBy"> </a></td><td style="vertical-align: top; text-align : left; background-color: white; border: 0px #F0F0F0 solid; padding:0px 4px 0px 4px" class="hierarchy"/><td style="vertical-align: top; text-align : left; background-color: white; border: 0px #F0F0F0 solid; padding:0px 4px 0px 4px" class="hierarchy">1..1</td><td style="vertical-align: top; text-align : left; background-color: white; border: 0px #F0F0F0 solid; padding:0px 4px 0px 4px" class="hierarchy"><a href="http://hl7.org/fhir/R4/references.html">Reference</a>()</td><td style="vertical-align: top; text-align : left; background-color: white; border: 0px #F0F0F0 solid; padding:0px 4px 0px 4px" class="hierarchy">Person who created the record</td></tr>
<tr style="border: 0px #F0F0F0 solid; padding:0px; vertical-align: top; background-color: #F7F7F7"><td style="vertical-align: top; text-align : left; background-color: #F7F7F7; border: 0px #F0F0F0 solid; padding:0px 4px 0px 4px; white-space: nowrap; background-image: url(tbl_bck010.png)" class="hierarchy"><img src="tbl_spacer.png" alt="." style="background-color: inherit" class="hierarchy"/><img src="tbl_blank.png" alt="." style="background-color: inherit" class="hierarchy"/><img src="tbl_vjoin.png" alt="." style="background-color: inherit" class="hierarchy"/><img src="icon_primitive.png" alt="." style="background-color: #F7F7F7; background-color: inherit" title="Primitive Data Type" class="hierarchy"/> <a href="StructureDefinition-UnEMRPatientModel-definitions.html#UnEMRPatientModel.auditLog.dateCreated" title="Date when the patient record was created">dateCreated</a><a name="UnEMRPatientModel.auditLog.dateCreated"> </a></td><td style="vertical-align: top; text-align : left; background-color: #F7F7F7; border: 0px #F0F0F0 solid; padding:0px 4px 0px 4px" class="hierarchy"/><td style="vertical-align: top; text-align : left; background-color: #F7F7F7; border: 0px #F0F0F0 solid; padding:0px 4px 0px 4px" class="hierarchy">1..1</td><td style="vertical-align: top; text-align : left; background-color: #F7F7F7; border: 0px #F0F0F0 solid; padding:0px 4px 0px 4px" class="hierarchy"><a href="http://hl7.org/fhir/R4/datatypes.html#dateTime">dateTime</a></td><td style="vertical-align: top; text-align : left; background-color: #F7F7F7; border: 0px #F0F0F0 solid; padding:0px 4px 0px 4px" class="hierarchy">Date when the patient record was created</td></tr>
<tr style="border: 0px #F0F0F0 solid; padding:0px; vertical-align: top; background-color: white"><td style="vertical-align: top; text-align : left; background-color: white; border: 0px #F0F0F0 solid; padding:0px 4px 0px 4px; white-space: nowrap; background-image: url(tbl_bck010.png)" class="hierarchy"><img src="tbl_spacer.png" alt="." style="background-color: inherit" class="hierarchy"/><img src="tbl_blank.png" alt="." style="background-color: inherit" class="hierarchy"/><img src="tbl_vjoin.png" alt="." style="background-color: inherit" class="hierarchy"/><img src="icon_reference.png" alt="." style="background-color: white; background-color: inherit" title="Reference to another Resource" class="hierarchy"/> <a href="StructureDefinition-UnEMRPatientModel-definitions.html#UnEMRPatientModel.auditLog.lastUpdatedBy" title="Person who recently updated the record">lastUpdatedBy</a><a name="UnEMRPatientModel.auditLog.lastUpdatedBy"> </a></td><td style="vertical-align: top; text-align : left; background-color: white; border: 0px #F0F0F0 solid; padding:0px 4px 0px 4px" class="hierarchy"/><td style="vertical-align: top; text-align : left; background-color: white; border: 0px #F0F0F0 solid; padding:0px 4px 0px 4px" class="hierarchy">1..1</td><td style="vertical-align: top; text-align : left; background-color: white; border: 0px #F0F0F0 solid; padding:0px 4px 0px 4px" class="hierarchy"><a href="http://hl7.org/fhir/R4/references.html">Reference</a>()</td><td style="vertical-align: top; text-align : left; background-color: white; border: 0px #F0F0F0 solid; padding:0px 4px 0px 4px" class="hierarchy">Person who recently updated the record</td></tr>
<tr style="border: 0px #F0F0F0 solid; padding:0px; vertical-align: top; background-color: #F7F7F7"><td style="vertical-align: top; text-align : left; background-color: #F7F7F7; border: 0px #F0F0F0 solid; padding:0px 4px 0px 4px; white-space: nowrap; background-image: url(tbl_bck000.png)" class="hierarchy"><img src="tbl_spacer.png" alt="." style="background-color: inherit" class="hierarchy"/><img src="tbl_blank.png" alt="." style="background-color: inherit" class="hierarchy"/><img src="tbl_vjoin_end.png" alt="." style="background-color: inherit" class="hierarchy"/><img src="icon_primitive.png" alt="." style="background-color: #F7F7F7; background-color: inherit" title="Primitive Data Type" class="hierarchy"/> <a href="StructureDefinition-UnEMRPatientModel-definitions.html#UnEMRPatientModel.auditLog.dateLastUpdated" title="Date when the patient record last updated">dateLastUpdated</a><a name="UnEMRPatientModel.auditLog.dateLastUpdated"> </a></td><td style="vertical-align: top; text-align : left; background-color: #F7F7F7; border: 0px #F0F0F0 solid; padding:0px 4px 0px 4px" class="hierarchy"/><td style="vertical-align: top; text-align : left; background-color: #F7F7F7; border: 0px #F0F0F0 solid; padding:0px 4px 0px 4px" class="hierarchy">1..1</td><td style="vertical-align: top; text-align : left; background-color: #F7F7F7; border: 0px #F0F0F0 solid; padding:0px 4px 0px 4px" class="hierarchy"><a href="http://hl7.org/fhir/R4/datatypes.html#dateTime">dateTime</a></td><td style="vertical-align: top; text-align : left; background-color: #F7F7F7; border: 0px #F0F0F0 solid; padding:0px 4px 0px 4px" class="hierarchy">Date when the patient record last updated</td></tr>
<tr><td colspan="5" class="hierarchy"><br/><a href="http://hl7.org/fhir/R4/formats.html#table" title="Legend for this format"><img src="http://hl7.org/fhir/R4/help16.png" alt="doco" style="background-color: inherit"/> Documentation for this format</a></td></tr></table></div></text><url value="http://fhir.usacfi.net/StructureDefinition/UnEMRPatientModel"/><version value="0.1.0-test"/><name value="UnEMRPatientModel"/><title value="UnEMR Patient Logical Model"/><status value="active"/><date value="2021-08-07T00:05:05+00:00"/><publisher value="University of San Agustin - Center for Informatics"/><contact><telecom><system value="url"/><value value="https://usacfi.net/contact-us.html"/></telecom></contact><description value="Patient data model implemented in UnEMR"/><jurisdiction><coding><system value="http://unstats.un.org/unsd/methods/m49/m49.htm"/><code value="001"/></coding></jurisdiction><fhirVersion value="4.0.1"/><mapping><identity value="rim"/><uri value="http://hl7.org/v3"/><name value="RIM Mapping"/></mapping><kind value="logical"/><abstract value="false"/><type value="http://fhir.usacfi.net/StructureDefinition/UnEMRPatientModel"/><baseDefinition value="http://hl7.org/fhir/StructureDefinition/Base"/><derivation value="specialization"/><snapshot><element id="UnEMRPatientModel"><path value="UnEMRPatientModel"/><short value="UnEMR Patient Logical Model"/><definition value="Patient data model implemented in UnEMR"/><min value="0"/><max value="*"/><base><path value="Base"/><min value="0"/><max value="*"/></base><isModifier value="false"/></element><element id="UnEMRPatientModel.patientId"><path value="UnEMRPatientModel.patientId"/><short value="Patient identifier"/><definition value="Patient identifier"/><min value="1"/><max value="1"/><base><path value="UnEMRPatientModel.patientId"/><min value="1"/><max value="1"/></base><type><code value="id"/></type></element><element id="UnEMRPatientModel.userStatus"><path value="UnEMRPatientModel.userStatus"/><short value="Patient status"/><definition value="Patient status (e.g. active, inactive, pending approval)"/><min value="1"/><max value="1"/><base><path value="UnEMRPatientModel.userStatus"/><min value="1"/><max value="1"/></base><type><code value="string"/></type></element><element id="UnEMRPatientModel.name"><path value="UnEMRPatientModel.name"/><short value="Name of patient"/><definition value="Name of patient"/><min value="1"/><max value="1"/><base><path value="UnEMRPatientModel.name"/><min value="1"/><max value="1"/></base><type><code value="HumanName"/></type></element><element id="UnEMRPatientModel.email"><path value="UnEMRPatientModel.email"/><short value="Email of patient"/><definition value="Email of patient"/><min value="1"/><max value="1"/><base><path value="UnEMRPatientModel.email"/><min value="1"/><max value="1"/></base><type><code value="string"/></type></element><element id="UnEMRPatientModel.phone"><path value="UnEMRPatientModel.phone"/><short value="Phone number of patient"/><definition value="Phone number of patient"/><min value="0"/><max value="1"/><base><path value="UnEMRPatientModel.phone"/><min value="0"/><max value="1"/></base><type><code value="string"/></type></element><element id="UnEMRPatientModel.sex"><path value="UnEMRPatientModel.sex"/><short value="Gender of the patient"/><definition value="Gender of the patient"/><min value="0"/><max value="1"/><base><path value="UnEMRPatientModel.sex"/><min value="0"/><max value="1"/></base><type><code value="CodeableConcept"/></type></element><element id="UnEMRPatientModel.dateOfBirth"><path value="UnEMRPatientModel.dateOfBirth"/><short value="Birthday of the patient"/><definition value="Birthday of the patient. Required for the calculation of age"/><min value="1"/><max value="1"/><base><path value="UnEMRPatientModel.dateOfBirth"/><min value="1"/><max value="1"/></base><type><code value="dateTime"/></type></element><element id="UnEMRPatientModel.address"><path value="UnEMRPatientModel.address"/><short value="Address of the patient"/><definition value="Defines where the patient resides"/><min value="0"/><max value="1"/><base><path value="UnEMRPatientModel.address"/><min value="0"/><max value="1"/></base><type><code value="Address"/></type></element><element id="UnEMRPatientModel.emergencyContact"><path value="UnEMRPatientModel.emergencyContact"/><short value="Emergency contact of the patient"/><definition value="Person identified as emergency contact of the patient"/><min value="0"/><max value="1"/><base><path value="UnEMRPatientModel.emergencyContact"/><min value="0"/><max value="1"/></base><type><code value="BackboneElement"/></type></element><element id="UnEMRPatientModel.emergencyContact.emergencyContactName"><path value="UnEMRPatientModel.emergencyContact.emergencyContactName"/><short value="Name of the emergency contact"/><definition value="Name of the emergency contact"/><min value="0"/><max value="1"/><base><path value="UnEMRPatientModel.emergencyContact.emergencyContactName"/><min value="0"/><max value="1"/></base><type><code value="HumanName"/></type></element><element id="UnEMRPatientModel.emergencyContact.emergencyContactRelationship"><path value="UnEMRPatientModel.emergencyContact.emergencyContactRelationship"/><short value="Relationship of the contact to the patient"/><definition value="Relationship of the contact to the patient"/><min value="0"/><max value="1"/><base><path value="UnEMRPatientModel.emergencyContact.emergencyContactRelationship"/><min value="0"/><max value="1"/></base><type><code value="string"/></type></element><element id="UnEMRPatientModel.emergencyContact.emergencyContactAddress"><path value="UnEMRPatientModel.emergencyContact.emergencyContactAddress"/><short value="Address of the contact"/><definition value="Address of the emergency contact person"/><min value="0"/><max value="1"/><base><path value="UnEMRPatientModel.emergencyContact.emergencyContactAddress"/><min value="0"/><max value="1"/></base><type><code value="Address"/></type></element><element id="UnEMRPatientModel.emergencyContact.emergencyContactPhone"><path value="UnEMRPatientModel.emergencyContact.emergencyContactPhone"/><short value="Phone number of the contact"/><definition value="Phone number of the emergency contact person"/><min value="0"/><max value="1"/><base><path value="UnEMRPatientModel.emergencyContact.emergencyContactPhone"/><min value="0"/><max value="1"/></base><type><code value="string"/></type></element><element id="UnEMRPatientModel.emergencyContact.emergencyContactEmail"><path value="UnEMRPatientModel.emergencyContact.emergencyContactEmail"/><short value="Email address of the contact"/><definition value="Email address of the emergency contact person"/><min value="0"/><max value="1"/><base><path value="UnEMRPatientModel.emergencyContact.emergencyContactEmail"/><min value="0"/><max value="1"/></base><type><code value="string"/></type></element><element id="UnEMRPatientModel.provider"><path value="UnEMRPatientModel.provider"/><short value="The provider handling the patient"/><definition value="The provider handling the patient"/><min value="0"/><max value="1"/><base><path value="UnEMRPatientModel.provider"/><min value="0"/><max value="1"/></base><type><code value="Reference"/></type></element><element id="UnEMRPatientModel.providerReferral"><path value="UnEMRPatientModel.providerReferral"/><short value="Provider referred by primary provider"/><definition value="The provider referred by the primary provider to handle the patient"/><min value="0"/><max value="1"/><base><path value="UnEMRPatientModel.providerReferral"/><min value="0"/><max value="1"/></base><type><code value="Reference"/></type></element><element id="UnEMRPatientModel.providerSelfReferral"><path value="UnEMRPatientModel.providerSelfReferral"/><short value="Provider referred by the patient"/><definition value="The provider chosen by the patient for consultation. The provider is chosen from a list of providers accessible to the patient"/><min value="0"/><max value="1"/><base><path value="UnEMRPatientModel.providerSelfReferral"/><min value="0"/><max value="1"/></base><type><code value="Reference"/></type></element><element id="UnEMRPatientModel.referralNotes"><path value="UnEMRPatientModel.referralNotes"/><short value="Notes describing the referral"/><definition value="Notes describing the referral"/><min value="0"/><max value="*"/><base><path value="UnEMRPatientModel.referralNotes"/><min value="0"/><max value="*"/></base><type><code value="string"/></type></element><element id="UnEMRPatientModel.allergies"><path value="UnEMRPatientModel.allergies"/><short value="Allergies of the patient"/><definition value="Allergies of the patient"/><min value="0"/><max value="*"/><base><path value="UnEMRPatientModel.allergies"/><min value="0"/><max value="*"/></base><type><code value="CodeableConcept"/></type></element><element id="UnEMRPatientModel.immunizations"><path value="UnEMRPatientModel.immunizations"/><short value="Immunization history of the patient"/><definition value="Immunization history of the patient"/><min value="0"/><max value="*"/><base><path value="UnEMRPatientModel.immunizations"/><min value="0"/><max value="*"/></base><type><code value="CodeableConcept"/></type></element><element id="UnEMRPatientModel.medications"><path value="UnEMRPatientModel.medications"/><short value="Medication history of the patient"/><definition value="History of medications taken by the patient relevant to the current consultation"/><min value="0"/><max value="*"/><base><path value="UnEMRPatientModel.medications"/><min value="0"/><max value="*"/></base><type><code value="CodeableConcept"/></type></element><element id="UnEMRPatientModel.patientNotes"><path value="UnEMRPatientModel.patientNotes"/><short value="Additional notes about the patient"/><definition value="Additional notes about the patient"/><min value="0"/><max value="*"/><base><path value="UnEMRPatientModel.patientNotes"/><min value="0"/><max value="*"/></base><type><code value="string"/></type></element><element id="UnEMRPatientModel.comments"><path value="UnEMRPatientModel.comments"/><short value="Additional comments regarding this patient record"/><definition value="Additional comments regarding this patient record"/><min value="0"/><max value="*"/><base><path value="UnEMRPatientModel.comments"/><min value="0"/><max value="*"/></base><type><code value="string"/></type></element><element id="UnEMRPatientModel.consent"><path value="UnEMRPatientModel.consent"/><short value="Patient consent information"/><definition value="Consent agreed upon by the patient regarding their patient data"/><min value="1"/><max value="1"/><base><path value="UnEMRPatientModel.consent"/><min value="1"/><max value="1"/></base><type><code value="Reference"/></type></element><element id="UnEMRPatientModel.auditLog"><path value="UnEMRPatientModel.auditLog"/><short value="Record audit log"/><definition value="Record audit log"/><min value="1"/><max value="1"/><base><path value="UnEMRPatientModel.auditLog"/><min value="1"/><max value="1"/></base><type><code value="BackboneElement"/></type></element><element id="UnEMRPatientModel.auditLog.createdBy"><path value="UnEMRPatientModel.auditLog.createdBy"/><short value="Person who created the record"/><definition value="Person who created the patient record"/><min value="1"/><max value="1"/><base><path value="UnEMRPatientModel.auditLog.createdBy"/><min value="1"/><max value="1"/></base><type><code value="Reference"/></type></element><element id="UnEMRPatientModel.auditLog.dateCreated"><path value="UnEMRPatientModel.auditLog.dateCreated"/><short value="Date when the patient record was created"/><definition value="Date when the patient record was created"/><min value="1"/><max value="1"/><base><path value="UnEMRPatientModel.auditLog.dateCreated"/><min value="1"/><max value="1"/></base><type><code value="dateTime"/></type></element><element id="UnEMRPatientModel.auditLog.lastUpdatedBy"><path value="UnEMRPatientModel.auditLog.lastUpdatedBy"/><short value="Person who recently updated the record"/><definition value="Person who recently updated the record"/><min value="1"/><max value="1"/><base><path value="UnEMRPatientModel.auditLog.lastUpdatedBy"/><min value="1"/><max value="1"/></base><type><code value="Reference"/></type></element><element id="UnEMRPatientModel.auditLog.dateLastUpdated"><path value="UnEMRPatientModel.auditLog.dateLastUpdated"/><short value="Date when the patient record last updated"/><definition value="Date when the patient record last updated"/><min value="1"/><max value="1"/><base><path value="UnEMRPatientModel.auditLog.dateLastUpdated"/><min value="1"/><max value="1"/></base><type><code value="dateTime"/></type></element></snapshot><differential><element id="UnEMRPatientModel"><path value="UnEMRPatientModel"/><short value="UnEMR Patient Logical Model"/><definition value="Patient data model implemented in UnEMR"/></element><element id="UnEMRPatientModel.patientId"><path value="UnEMRPatientModel.patientId"/><short value="Patient identifier"/><definition value="Patient identifier"/><min value="1"/><max value="1"/><type><code value="id"/></type></element><element id="UnEMRPatientModel.userStatus"><path value="UnEMRPatientModel.userStatus"/><short value="Patient status"/><definition value="Patient status (e.g. active, inactive, pending approval)"/><min value="1"/><max value="1"/><type><code value="string"/></type></element><element id="UnEMRPatientModel.name"><path value="UnEMRPatientModel.name"/><short value="Name of patient"/><definition value="Name of patient"/><min value="1"/><max value="1"/><type><code value="HumanName"/></type></element><element id="UnEMRPatientModel.email"><path value="UnEMRPatientModel.email"/><short value="Email of patient"/><definition value="Email of patient"/><min value="1"/><max value="1"/><type><code value="string"/></type></element><element id="UnEMRPatientModel.phone"><path value="UnEMRPatientModel.phone"/><short value="Phone number of patient"/><definition value="Phone number of patient"/><min value="0"/><max value="1"/><type><code value="string"/></type></element><element id="UnEMRPatientModel.sex"><path value="UnEMRPatientModel.sex"/><short value="Gender of the patient"/><definition value="Gender of the patient"/><min value="0"/><max value="1"/><type><code value="CodeableConcept"/></type></element><element id="UnEMRPatientModel.dateOfBirth"><path value="UnEMRPatientModel.dateOfBirth"/><short value="Birthday of the patient"/><definition value="Birthday of the patient. Required for the calculation of age"/><min value="1"/><max value="1"/><type><code value="dateTime"/></type></element><element id="UnEMRPatientModel.address"><path value="UnEMRPatientModel.address"/><short value="Address of the patient"/><definition value="Defines where the patient resides"/><min value="0"/><max value="1"/><type><code value="Address"/></type></element><element id="UnEMRPatientModel.emergencyContact"><path value="UnEMRPatientModel.emergencyContact"/><short value="Emergency contact of the patient"/><definition value="Person identified as emergency contact of the patient"/><min value="0"/><max value="1"/><type><code value="BackboneElement"/></type></element><element id="UnEMRPatientModel.emergencyContact.emergencyContactName"><path value="UnEMRPatientModel.emergencyContact.emergencyContactName"/><short value="Name of the emergency contact"/><definition value="Name of the emergency contact"/><min value="0"/><max value="1"/><type><code value="HumanName"/></type></element><element id="UnEMRPatientModel.emergencyContact.emergencyContactRelationship"><path value="UnEMRPatientModel.emergencyContact.emergencyContactRelationship"/><short value="Relationship of the contact to the patient"/><definition value="Relationship of the contact to the patient"/><min value="0"/><max value="1"/><type><code value="string"/></type></element><element id="UnEMRPatientModel.emergencyContact.emergencyContactAddress"><path value="UnEMRPatientModel.emergencyContact.emergencyContactAddress"/><short value="Address of the contact"/><definition value="Address of the emergency contact person"/><min value="0"/><max value="1"/><type><code value="Address"/></type></element><element id="UnEMRPatientModel.emergencyContact.emergencyContactPhone"><path value="UnEMRPatientModel.emergencyContact.emergencyContactPhone"/><short value="Phone number of the contact"/><definition value="Phone number of the emergency contact person"/><min value="0"/><max value="1"/><type><code value="string"/></type></element><element id="UnEMRPatientModel.emergencyContact.emergencyContactEmail"><path value="UnEMRPatientModel.emergencyContact.emergencyContactEmail"/><short value="Email address of the contact"/><definition value="Email address of the emergency contact person"/><min value="0"/><max value="1"/><type><code value="string"/></type></element><element id="UnEMRPatientModel.provider"><path value="UnEMRPatientModel.provider"/><short value="The provider handling the patient"/><definition value="The provider handling the patient"/><min value="0"/><max value="1"/><type><code value="Reference"/></type></element><element id="UnEMRPatientModel.providerReferral"><path value="UnEMRPatientModel.providerReferral"/><short value="Provider referred by primary provider"/><definition value="The provider referred by the primary provider to handle the patient"/><min value="0"/><max value="1"/><type><code value="Reference"/></type></element><element id="UnEMRPatientModel.providerSelfReferral"><path value="UnEMRPatientModel.providerSelfReferral"/><short value="Provider referred by the patient"/><definition value="The provider chosen by the patient for consultation. The provider is chosen from a list of providers accessible to the patient"/><min value="0"/><max value="1"/><type><code value="Reference"/></type></element><element id="UnEMRPatientModel.referralNotes"><path value="UnEMRPatientModel.referralNotes"/><short value="Notes describing the referral"/><definition value="Notes describing the referral"/><min value="0"/><max value="*"/><type><code value="string"/></type></element><element id="UnEMRPatientModel.allergies"><path value="UnEMRPatientModel.allergies"/><short value="Allergies of the patient"/><definition value="Allergies of the patient"/><min value="0"/><max value="*"/><type><code value="CodeableConcept"/></type></element><element id="UnEMRPatientModel.immunizations"><path value="UnEMRPatientModel.immunizations"/><short value="Immunization history of the patient"/><definition value="Immunization history of the patient"/><min value="0"/><max value="*"/><type><code value="CodeableConcept"/></type></element><element id="UnEMRPatientModel.medications"><path value="UnEMRPatientModel.medications"/><short value="Medication history of the patient"/><definition value="History of medications taken by the patient relevant to the current consultation"/><min value="0"/><max value="*"/><type><code value="CodeableConcept"/></type></element><element id="UnEMRPatientModel.patientNotes"><path value="UnEMRPatientModel.patientNotes"/><short value="Additional notes about the patient"/><definition value="Additional notes about the patient"/><min value="0"/><max value="*"/><type><code value="string"/></type></element><element id="UnEMRPatientModel.comments"><path value="UnEMRPatientModel.comments"/><short value="Additional comments regarding this patient record"/><definition value="Additional comments regarding this patient record"/><min value="0"/><max value="*"/><type><code value="string"/></type></element><element id="UnEMRPatientModel.consent"><path value="UnEMRPatientModel.consent"/><short value="Patient consent information"/><definition value="Consent agreed upon by the patient regarding their patient data"/><min value="1"/><max value="1"/><type><code value="Reference"/></type></element><element id="UnEMRPatientModel.auditLog"><path value="UnEMRPatientModel.auditLog"/><short value="Record audit log"/><definition value="Record audit log"/><min value="1"/><max value="1"/><type><code value="BackboneElement"/></type></element><element id="UnEMRPatientModel.auditLog.createdBy"><path value="UnEMRPatientModel.auditLog.createdBy"/><short value="Person who created the record"/><definition value="Person who created the patient record"/><min value="1"/><max value="1"/><type><code value="Reference"/></type></element><element id="UnEMRPatientModel.auditLog.dateCreated"><path value="UnEMRPatientModel.auditLog.dateCreated"/><short value="Date when the patient record was created"/><definition value="Date when the patient record was created"/><min value="1"/><max value="1"/><type><code value="dateTime"/></type></element><element id="UnEMRPatientModel.auditLog.lastUpdatedBy"><path value="UnEMRPatientModel.auditLog.lastUpdatedBy"/><short value="Person who recently updated the record"/><definition value="Person who recently updated the record"/><min value="1"/><max value="1"/><type><code value="Reference"/></type></element><element id="UnEMRPatientModel.auditLog.dateLastUpdated"><path value="UnEMRPatientModel.auditLog.dateLastUpdated"/><short value="Date when the patient record last updated"/><definition value="Date when the patient record last updated"/><min value="1"/><max value="1"/><type><code value="dateTime"/></type></element></differential></StructureDefinition>