<?xml version="1.0" encoding="UTF-8"?>

<ValueSet xmlns="http://hl7.org/fhir">
  <id value="ObservationVitalsSignsVS"/>
  <text>
    <status value="generated"/><div xmlns="http://www.w3.org/1999/xhtml"><ul><li>Include these codes as defined in <code>https://loinc.org</code><table class="none"><tr><td style="white-space:nowrap"><b>Code</b></td><td><b>Display</b></td></tr><tr><td>8310-5</td><td>Body temperature</td></tr><tr><td>35094-2</td><td>Blood pressure panel</td></tr><tr><td>8867-4</td><td>Heart rate</td></tr><tr><td>20564-1</td><td>Oxygen saturation in blood</td></tr><tr><td>9279-1</td><td>Respiratory rate</td></tr><tr><td>8302-2</td><td>Body height</td></tr><tr><td>29463-7</td><td>Body weight</td></tr><tr><td>39156-5</td><td>Body mass index (BMI)</td></tr></table></li></ul></div>
  </text>
  <url value="http://fhir.usacfi.net/ValueSet/ObservationVitalsSignsVS"/>
  <version value="0.1.0-test"/>
  <name value="ObservationVitalsSignsVS"/>
  <title value="Observation vital signs component"/>
  <status value="active"/>
  <date value="2021-08-07T00:05:05+00:00"/>
  <publisher value="University of San Agustin - Center for Informatics"/>
  <contact>
    <telecom>
      <system value="url"/>
      <value value="https://usacfi.net/contact-us.html"/>
    </telecom>
  </contact>
  <description value="Vital signs data usually collected"/>
  <jurisdiction>
    <coding>
      <system value="http://unstats.un.org/unsd/methods/m49/m49.htm"/>
      <code value="001"/>
    </coding>
  </jurisdiction>
  <compose>
    <include>
      <system value="https://loinc.org"/>
      <concept>
        <code value="8310-5"/>
        <display value="Body temperature"/>
      </concept>
      <concept>
        <code value="35094-2"/>
        <display value="Blood pressure panel"/>
      </concept>
      <concept>
        <code value="8867-4"/>
        <display value="Heart rate"/>
      </concept>
      <concept>
        <code value="20564-1"/>
        <display value="Oxygen saturation in blood"/>
      </concept>
      <concept>
        <code value="9279-1"/>
        <display value="Respiratory rate"/>
      </concept>
      <concept>
        <code value="8302-2"/>
        <display value="Body height"/>
      </concept>
      <concept>
        <code value="29463-7"/>
        <display value="Body weight"/>
      </concept>
      <concept>
        <code value="39156-5"/>
        <display value="Body mass index (BMI)"/>
      </concept>
    </include>
  </compose>
</ValueSet>