{"resourceType":"StructureDefinition","id":"UnEMRPatientModel","text":{"status":"extensions","div":"<div xmlns=\"http://www.w3.org/1999/xhtml\"><table border=\"0\" cellpadding=\"0\" cellspacing=\"0\" style=\"border: 0px #F0F0F0 solid; font-size: 11px; font-family: verdana; vertical-align: top;\"><tr style=\"border: 1px #F0F0F0 solid; font-size: 11px; font-family: verdana; vertical-align: top\"><th style=\"vertical-align: top; text-align : left; background-color: white; border: 0px #F0F0F0 solid; padding:0px 4px 0px 4px\" class=\"hierarchy\"><a href=\"http://hl7.org/fhir/R4/formats.html#table\" title=\"The logical name of the element\">Name</a></th><th style=\"vertical-align: top; text-align : left; background-color: white; border: 0px #F0F0F0 solid; padding:0px 4px 0px 4px\" class=\"hierarchy\"><a href=\"http://hl7.org/fhir/R4/formats.html#table\" title=\"Information about the use of the element\">Flags</a></th><th style=\"vertical-align: top; text-align : left; background-color: white; border: 0px #F0F0F0 solid; padding:0px 4px 0px 4px\" class=\"hierarchy\"><a href=\"http://hl7.org/fhir/R4/formats.html#table\" title=\"Minimum and Maximum # of times the the element can appear in the instance\">Card.</a></th><th style=\"width: 100px\" class=\"hierarchy\"><a href=\"http://hl7.org/fhir/R4/formats.html#table\" title=\"Reference to the type of the element\">Type</a></th><th style=\"vertical-align: top; text-align : left; background-color: white; border: 0px #F0F0F0 solid; padding:0px 4px 0px 4px\" class=\"hierarchy\"><a href=\"http://hl7.org/fhir/R4/formats.html#table\" title=\"Additional information about the element\">Description &amp; Constraints</a><span style=\"float: right\"><a href=\"http://hl7.org/fhir/R4/formats.html#table\" title=\"Legend for this format\"><img src=\"http://hl7.org/fhir/R4/help16.png\" alt=\"doco\" style=\"background-color: inherit\"/></a></span></th></tr><tr style=\"border: 0px #F0F0F0 solid; padding:0px; vertical-align: top; background-color: white\"><td style=\"vertical-align: top; text-align : left; background-color: white; border: 0px #F0F0F0 solid; padding:0px 4px 0px 4px; white-space: nowrap; background-image: url(tbl_bck1.png)\" class=\"hierarchy\"><img src=\"tbl_spacer.png\" alt=\".\" style=\"background-color: inherit\" class=\"hierarchy\"/><img src=\"icon_element.gif\" alt=\".\" style=\"background-color: white; background-color: inherit\" title=\"Element\" class=\"hierarchy\"/> <a href=\"StructureDefinition-UnEMRPatientModel-definitions.html#UnEMRPatientModel\" title=\"Patient data model implemented in UnEMR\">UnEMRPatientModel</a><a name=\"UnEMRPatientModel\"> </a></td><td style=\"vertical-align: top; text-align : left; background-color: white; border: 0px #F0F0F0 solid; padding:0px 4px 0px 4px\" class=\"hierarchy\"/><td style=\"vertical-align: top; text-align : left; background-color: white; border: 0px #F0F0F0 solid; padding:0px 4px 0px 4px\" class=\"hierarchy\"><span style=\"opacity: 0.5\">0</span><span style=\"opacity: 0.5\">..</span><span style=\"opacity: 0.5\">*</span></td><td style=\"vertical-align: top; text-align : left; background-color: white; border: 0px #F0F0F0 solid; padding:0px 4px 0px 4px\" class=\"hierarchy\"/><td style=\"vertical-align: top; text-align : left; background-color: white; border: 0px #F0F0F0 solid; padding:0px 4px 0px 4px\" class=\"hierarchy\">UnEMR Patient Logical Model</td></tr>\r\n<tr style=\"border: 0px #F0F0F0 solid; padding:0px; vertical-align: top; background-color: #F7F7F7\"><td style=\"vertical-align: top; text-align : left; background-color: #F7F7F7; border: 0px #F0F0F0 solid; padding:0px 4px 0px 4px; white-space: nowrap; background-image: url(tbl_bck10.png)\" class=\"hierarchy\"><img src=\"tbl_spacer.png\" alt=\".\" style=\"background-color: inherit\" class=\"hierarchy\"/><img src=\"tbl_vjoin.png\" alt=\".\" style=\"background-color: inherit\" class=\"hierarchy\"/><img src=\"icon_primitive.png\" alt=\".\" style=\"background-color: #F7F7F7; background-color: inherit\" title=\"Primitive Data Type\" class=\"hierarchy\"/> <a href=\"StructureDefinition-UnEMRPatientModel-definitions.html#UnEMRPatientModel.patientId\" title=\"Patient identifier\">patientId</a><a name=\"UnEMRPatientModel.patientId\"> </a></td><td style=\"vertical-align: top; text-align : left; background-color: #F7F7F7; border: 0px #F0F0F0 solid; padding:0px 4px 0px 4px\" class=\"hierarchy\"/><td style=\"vertical-align: top; text-align : left; background-color: #F7F7F7; border: 0px #F0F0F0 solid; padding:0px 4px 0px 4px\" class=\"hierarchy\">1..1</td><td style=\"vertical-align: top; text-align : left; background-color: #F7F7F7; border: 0px #F0F0F0 solid; padding:0px 4px 0px 4px\" class=\"hierarchy\"><a href=\"http://hl7.org/fhir/R4/datatypes.html#id\">id</a></td><td style=\"vertical-align: top; text-align : left; background-color: #F7F7F7; border: 0px #F0F0F0 solid; padding:0px 4px 0px 4px\" class=\"hierarchy\">Patient identifier</td></tr>\r\n<tr style=\"border: 0px #F0F0F0 solid; padding:0px; vertical-align: top; background-color: white\"><td style=\"vertical-align: top; text-align : left; background-color: white; border: 0px #F0F0F0 solid; padding:0px 4px 0px 4px; white-space: nowrap; background-image: url(tbl_bck10.png)\" class=\"hierarchy\"><img src=\"tbl_spacer.png\" alt=\".\" style=\"background-color: inherit\" class=\"hierarchy\"/><img src=\"tbl_vjoin.png\" alt=\".\" style=\"background-color: inherit\" class=\"hierarchy\"/><img src=\"icon_primitive.png\" alt=\".\" style=\"background-color: white; background-color: inherit\" title=\"Primitive Data Type\" class=\"hierarchy\"/> <a href=\"StructureDefinition-UnEMRPatientModel-definitions.html#UnEMRPatientModel.userStatus\" title=\"Patient status (e.g. active, inactive, pending approval)\">userStatus</a><a name=\"UnEMRPatientModel.userStatus\"> </a></td><td style=\"vertical-align: top; text-align : left; background-color: white; border: 0px #F0F0F0 solid; padding:0px 4px 0px 4px\" class=\"hierarchy\"/><td style=\"vertical-align: top; text-align : left; background-color: white; border: 0px #F0F0F0 solid; padding:0px 4px 0px 4px\" class=\"hierarchy\">1..1</td><td style=\"vertical-align: top; text-align : left; background-color: white; border: 0px #F0F0F0 solid; padding:0px 4px 0px 4px\" class=\"hierarchy\"><a href=\"http://hl7.org/fhir/R4/datatypes.html#string\">string</a></td><td style=\"vertical-align: top; text-align : left; background-color: white; border: 0px #F0F0F0 solid; padding:0px 4px 0px 4px\" class=\"hierarchy\">Patient status</td></tr>\r\n<tr style=\"border: 0px #F0F0F0 solid; padding:0px; vertical-align: top; background-color: #F7F7F7\"><td style=\"vertical-align: top; text-align : left; background-color: #F7F7F7; border: 0px #F0F0F0 solid; padding:0px 4px 0px 4px; white-space: nowrap; background-image: url(tbl_bck10.png)\" class=\"hierarchy\"><img src=\"tbl_spacer.png\" alt=\".\" style=\"background-color: inherit\" class=\"hierarchy\"/><img src=\"tbl_vjoin.png\" alt=\".\" style=\"background-color: inherit\" class=\"hierarchy\"/><img src=\"icon_datatype.gif\" alt=\".\" style=\"background-color: #F7F7F7; background-color: inherit\" title=\"Data Type\" class=\"hierarchy\"/> <a href=\"StructureDefinition-UnEMRPatientModel-definitions.html#UnEMRPatientModel.name\" title=\"Name of patient\">name</a><a name=\"UnEMRPatientModel.name\"> </a></td><td style=\"vertical-align: top; text-align : left; background-color: #F7F7F7; border: 0px #F0F0F0 solid; padding:0px 4px 0px 4px\" class=\"hierarchy\"/><td style=\"vertical-align: top; text-align : left; background-color: #F7F7F7; border: 0px #F0F0F0 solid; padding:0px 4px 0px 4px\" class=\"hierarchy\">1..1</td><td style=\"vertical-align: top; text-align : left; background-color: #F7F7F7; border: 0px #F0F0F0 solid; padding:0px 4px 0px 4px\" class=\"hierarchy\"><a href=\"http://hl7.org/fhir/R4/datatypes.html#HumanName\">HumanName</a></td><td style=\"vertical-align: top; text-align : left; background-color: #F7F7F7; border: 0px #F0F0F0 solid; padding:0px 4px 0px 4px\" class=\"hierarchy\">Name of patient</td></tr>\r\n<tr style=\"border: 0px #F0F0F0 solid; padding:0px; vertical-align: top; background-color: white\"><td style=\"vertical-align: top; text-align : left; background-color: white; border: 0px #F0F0F0 solid; padding:0px 4px 0px 4px; white-space: nowrap; background-image: url(tbl_bck10.png)\" class=\"hierarchy\"><img src=\"tbl_spacer.png\" alt=\".\" style=\"background-color: inherit\" class=\"hierarchy\"/><img src=\"tbl_vjoin.png\" alt=\".\" style=\"background-color: inherit\" class=\"hierarchy\"/><img src=\"icon_primitive.png\" alt=\".\" style=\"background-color: white; background-color: inherit\" title=\"Primitive Data Type\" class=\"hierarchy\"/> <a href=\"StructureDefinition-UnEMRPatientModel-definitions.html#UnEMRPatientModel.email\" title=\"Email of patient\">email</a><a name=\"UnEMRPatientModel.email\"> </a></td><td style=\"vertical-align: top; text-align : left; background-color: white; border: 0px #F0F0F0 solid; padding:0px 4px 0px 4px\" class=\"hierarchy\"/><td style=\"vertical-align: top; text-align : left; background-color: white; border: 0px #F0F0F0 solid; padding:0px 4px 0px 4px\" class=\"hierarchy\">1..1</td><td style=\"vertical-align: top; text-align : left; background-color: white; border: 0px #F0F0F0 solid; padding:0px 4px 0px 4px\" class=\"hierarchy\"><a href=\"http://hl7.org/fhir/R4/datatypes.html#string\">string</a></td><td style=\"vertical-align: top; text-align : left; background-color: white; border: 0px #F0F0F0 solid; padding:0px 4px 0px 4px\" class=\"hierarchy\">Email of patient</td></tr>\r\n<tr style=\"border: 0px #F0F0F0 solid; padding:0px; vertical-align: top; background-color: #F7F7F7\"><td style=\"vertical-align: top; text-align : left; background-color: #F7F7F7; border: 0px #F0F0F0 solid; padding:0px 4px 0px 4px; white-space: nowrap; background-image: url(tbl_bck10.png)\" class=\"hierarchy\"><img src=\"tbl_spacer.png\" alt=\".\" style=\"background-color: inherit\" class=\"hierarchy\"/><img src=\"tbl_vjoin.png\" alt=\".\" style=\"background-color: inherit\" class=\"hierarchy\"/><img src=\"icon_primitive.png\" alt=\".\" style=\"background-color: #F7F7F7; background-color: inherit\" title=\"Primitive Data Type\" class=\"hierarchy\"/> <a href=\"StructureDefinition-UnEMRPatientModel-definitions.html#UnEMRPatientModel.phone\" title=\"Phone number of patient\">phone</a><a name=\"UnEMRPatientModel.phone\"> </a></td><td style=\"vertical-align: top; text-align : left; background-color: #F7F7F7; border: 0px #F0F0F0 solid; padding:0px 4px 0px 4px\" class=\"hierarchy\"/><td style=\"vertical-align: top; text-align : left; background-color: #F7F7F7; border: 0px #F0F0F0 solid; padding:0px 4px 0px 4px\" class=\"hierarchy\">0..1</td><td style=\"vertical-align: top; text-align : left; background-color: #F7F7F7; border: 0px #F0F0F0 solid; padding:0px 4px 0px 4px\" class=\"hierarchy\"><a href=\"http://hl7.org/fhir/R4/datatypes.html#string\">string</a></td><td style=\"vertical-align: top; text-align : left; background-color: #F7F7F7; border: 0px #F0F0F0 solid; padding:0px 4px 0px 4px\" class=\"hierarchy\">Phone number of patient</td></tr>\r\n<tr style=\"border: 0px #F0F0F0 solid; padding:0px; vertical-align: top; background-color: white\"><td style=\"vertical-align: top; text-align : left; background-color: white; border: 0px #F0F0F0 solid; padding:0px 4px 0px 4px; white-space: nowrap; background-image: url(tbl_bck10.png)\" class=\"hierarchy\"><img src=\"tbl_spacer.png\" alt=\".\" style=\"background-color: inherit\" class=\"hierarchy\"/><img src=\"tbl_vjoin.png\" alt=\".\" style=\"background-color: inherit\" class=\"hierarchy\"/><img src=\"icon_datatype.gif\" alt=\".\" style=\"background-color: white; background-color: inherit\" title=\"Data Type\" class=\"hierarchy\"/> <a href=\"StructureDefinition-UnEMRPatientModel-definitions.html#UnEMRPatientModel.sex\" title=\"Gender of the patient\">sex</a><a name=\"UnEMRPatientModel.sex\"> </a></td><td style=\"vertical-align: top; text-align : left; background-color: white; border: 0px #F0F0F0 solid; padding:0px 4px 0px 4px\" class=\"hierarchy\"/><td style=\"vertical-align: top; text-align : left; background-color: white; border: 0px #F0F0F0 solid; padding:0px 4px 0px 4px\" class=\"hierarchy\">0..1</td><td style=\"vertical-align: top; text-align : left; background-color: white; border: 0px #F0F0F0 solid; padding:0px 4px 0px 4px\" class=\"hierarchy\"><a href=\"http://hl7.org/fhir/R4/datatypes.html#CodeableConcept\">CodeableConcept</a></td><td style=\"vertical-align: top; text-align : left; background-color: white; border: 0px #F0F0F0 solid; padding:0px 4px 0px 4px\" class=\"hierarchy\">Gender of the patient</td></tr>\r\n<tr style=\"border: 0px #F0F0F0 solid; padding:0px; vertical-align: top; background-color: #F7F7F7\"><td style=\"vertical-align: top; text-align : left; background-color: #F7F7F7; border: 0px #F0F0F0 solid; padding:0px 4px 0px 4px; white-space: nowrap; background-image: url(tbl_bck10.png)\" class=\"hierarchy\"><img src=\"tbl_spacer.png\" alt=\".\" style=\"background-color: inherit\" class=\"hierarchy\"/><img src=\"tbl_vjoin.png\" alt=\".\" style=\"background-color: inherit\" class=\"hierarchy\"/><img src=\"icon_primitive.png\" alt=\".\" style=\"background-color: #F7F7F7; background-color: inherit\" title=\"Primitive Data Type\" class=\"hierarchy\"/> <a href=\"StructureDefinition-UnEMRPatientModel-definitions.html#UnEMRPatientModel.dateOfBirth\" title=\"Birthday of the patient. Required for the calculation of age\">dateOfBirth</a><a name=\"UnEMRPatientModel.dateOfBirth\"> </a></td><td style=\"vertical-align: top; text-align : left; background-color: #F7F7F7; border: 0px #F0F0F0 solid; padding:0px 4px 0px 4px\" class=\"hierarchy\"/><td style=\"vertical-align: top; text-align : left; background-color: #F7F7F7; border: 0px #F0F0F0 solid; padding:0px 4px 0px 4px\" class=\"hierarchy\">1..1</td><td style=\"vertical-align: top; text-align : left; background-color: #F7F7F7; border: 0px #F0F0F0 solid; padding:0px 4px 0px 4px\" class=\"hierarchy\"><a href=\"http://hl7.org/fhir/R4/datatypes.html#dateTime\">dateTime</a></td><td style=\"vertical-align: top; text-align : left; background-color: #F7F7F7; border: 0px #F0F0F0 solid; padding:0px 4px 0px 4px\" class=\"hierarchy\">Birthday of the patient</td></tr>\r\n<tr style=\"border: 0px #F0F0F0 solid; padding:0px; vertical-align: top; background-color: white\"><td style=\"vertical-align: top; text-align : left; background-color: white; border: 0px #F0F0F0 solid; padding:0px 4px 0px 4px; white-space: nowrap; background-image: url(tbl_bck10.png)\" class=\"hierarchy\"><img src=\"tbl_spacer.png\" alt=\".\" style=\"background-color: inherit\" class=\"hierarchy\"/><img src=\"tbl_vjoin.png\" alt=\".\" style=\"background-color: inherit\" class=\"hierarchy\"/><img src=\"icon_datatype.gif\" alt=\".\" style=\"background-color: white; background-color: inherit\" title=\"Data Type\" class=\"hierarchy\"/> <a href=\"StructureDefinition-UnEMRPatientModel-definitions.html#UnEMRPatientModel.address\" title=\"Defines where the patient resides\">address</a><a name=\"UnEMRPatientModel.address\"> </a></td><td style=\"vertical-align: top; text-align : left; background-color: white; border: 0px #F0F0F0 solid; padding:0px 4px 0px 4px\" class=\"hierarchy\"/><td style=\"vertical-align: top; text-align : left; background-color: white; border: 0px #F0F0F0 solid; padding:0px 4px 0px 4px\" class=\"hierarchy\">0..1</td><td style=\"vertical-align: top; text-align : left; background-color: white; border: 0px #F0F0F0 solid; padding:0px 4px 0px 4px\" class=\"hierarchy\"><a href=\"http://hl7.org/fhir/R4/datatypes.html#Address\">Address</a></td><td style=\"vertical-align: top; text-align : left; background-color: white; border: 0px #F0F0F0 solid; padding:0px 4px 0px 4px\" class=\"hierarchy\">Address of the patient</td></tr>\r\n<tr style=\"border: 0px #F0F0F0 solid; padding:0px; vertical-align: top; background-color: #F7F7F7\"><td style=\"vertical-align: top; text-align : left; background-color: #F7F7F7; border: 0px #F0F0F0 solid; padding:0px 4px 0px 4px; white-space: nowrap; background-image: url(tbl_bck11.png)\" class=\"hierarchy\"><img src=\"tbl_spacer.png\" alt=\".\" style=\"background-color: inherit\" class=\"hierarchy\"/><img src=\"tbl_vjoin.png\" alt=\".\" style=\"background-color: inherit\" class=\"hierarchy\"/><img src=\"icon_datatype.gif\" alt=\".\" style=\"background-color: #F7F7F7; background-color: inherit\" title=\"Data Type\" class=\"hierarchy\"/> <a href=\"StructureDefinition-UnEMRPatientModel-definitions.html#UnEMRPatientModel.emergencyContact\" title=\"Person identified as emergency contact of the patient\">emergencyContact</a><a name=\"UnEMRPatientModel.emergencyContact\"> </a></td><td style=\"vertical-align: top; text-align : left; background-color: #F7F7F7; border: 0px #F0F0F0 solid; padding:0px 4px 0px 4px\" class=\"hierarchy\"/><td style=\"vertical-align: top; text-align : left; background-color: #F7F7F7; border: 0px #F0F0F0 solid; padding:0px 4px 0px 4px\" class=\"hierarchy\">0..1</td><td style=\"vertical-align: top; text-align : left; background-color: #F7F7F7; border: 0px #F0F0F0 solid; padding:0px 4px 0px 4px\" class=\"hierarchy\"><a href=\"http://hl7.org/fhir/R4/datatypes.html#BackboneElement\">BackboneElement</a></td><td style=\"vertical-align: top; text-align : left; background-color: #F7F7F7; border: 0px #F0F0F0 solid; padding:0px 4px 0px 4px\" class=\"hierarchy\">Emergency contact of the patient</td></tr>\r\n<tr style=\"border: 0px #F0F0F0 solid; padding:0px; vertical-align: top; background-color: white\"><td style=\"vertical-align: top; text-align : left; background-color: white; border: 0px #F0F0F0 solid; padding:0px 4px 0px 4px; white-space: nowrap; background-image: url(tbl_bck110.png)\" class=\"hierarchy\"><img src=\"tbl_spacer.png\" alt=\".\" style=\"background-color: inherit\" class=\"hierarchy\"/><img src=\"tbl_vline.png\" alt=\".\" style=\"background-color: inherit\" class=\"hierarchy\"/><img src=\"tbl_vjoin.png\" alt=\".\" style=\"background-color: inherit\" class=\"hierarchy\"/><img src=\"icon_datatype.gif\" alt=\".\" style=\"background-color: white; background-color: inherit\" title=\"Data Type\" class=\"hierarchy\"/> <a href=\"StructureDefinition-UnEMRPatientModel-definitions.html#UnEMRPatientModel.emergencyContact.emergencyContactName\" title=\"Name of the emergency contact\">emergencyContactName</a><a name=\"UnEMRPatientModel.emergencyContact.emergencyContactName\"> </a></td><td style=\"vertical-align: top; text-align : left; background-color: white; border: 0px #F0F0F0 solid; padding:0px 4px 0px 4px\" class=\"hierarchy\"/><td style=\"vertical-align: top; text-align : left; background-color: white; border: 0px #F0F0F0 solid; padding:0px 4px 0px 4px\" class=\"hierarchy\">0..1</td><td style=\"vertical-align: top; text-align : left; background-color: white; border: 0px #F0F0F0 solid; padding:0px 4px 0px 4px\" class=\"hierarchy\"><a href=\"http://hl7.org/fhir/R4/datatypes.html#HumanName\">HumanName</a></td><td style=\"vertical-align: top; text-align : left; background-color: white; border: 0px #F0F0F0 solid; padding:0px 4px 0px 4px\" class=\"hierarchy\">Name of the emergency contact</td></tr>\r\n<tr style=\"border: 0px #F0F0F0 solid; padding:0px; vertical-align: top; background-color: #F7F7F7\"><td style=\"vertical-align: top; text-align : left; background-color: #F7F7F7; border: 0px #F0F0F0 solid; padding:0px 4px 0px 4px; white-space: nowrap; background-image: url(tbl_bck110.png)\" class=\"hierarchy\"><img src=\"tbl_spacer.png\" alt=\".\" style=\"background-color: inherit\" class=\"hierarchy\"/><img src=\"tbl_vline.png\" alt=\".\" style=\"background-color: inherit\" class=\"hierarchy\"/><img src=\"tbl_vjoin.png\" alt=\".\" style=\"background-color: inherit\" class=\"hierarchy\"/><img src=\"icon_primitive.png\" alt=\".\" style=\"background-color: #F7F7F7; background-color: inherit\" title=\"Primitive Data Type\" class=\"hierarchy\"/> <a href=\"StructureDefinition-UnEMRPatientModel-definitions.html#UnEMRPatientModel.emergencyContact.emergencyContactRelationship\" title=\"Relationship of the contact to the patient\">emergencyContactRelationship</a><a name=\"UnEMRPatientModel.emergencyContact.emergencyContactRelationship\"> </a></td><td style=\"vertical-align: top; text-align : left; background-color: #F7F7F7; border: 0px #F0F0F0 solid; padding:0px 4px 0px 4px\" class=\"hierarchy\"/><td style=\"vertical-align: top; text-align : left; background-color: #F7F7F7; border: 0px #F0F0F0 solid; padding:0px 4px 0px 4px\" class=\"hierarchy\">0..1</td><td style=\"vertical-align: top; text-align : left; background-color: #F7F7F7; border: 0px #F0F0F0 solid; padding:0px 4px 0px 4px\" class=\"hierarchy\"><a href=\"http://hl7.org/fhir/R4/datatypes.html#string\">string</a></td><td style=\"vertical-align: top; text-align : left; background-color: #F7F7F7; border: 0px #F0F0F0 solid; padding:0px 4px 0px 4px\" class=\"hierarchy\">Relationship of the contact to the patient</td></tr>\r\n<tr style=\"border: 0px #F0F0F0 solid; padding:0px; vertical-align: top; background-color: white\"><td style=\"vertical-align: top; text-align : left; background-color: white; border: 0px #F0F0F0 solid; padding:0px 4px 0px 4px; white-space: nowrap; background-image: url(tbl_bck110.png)\" class=\"hierarchy\"><img src=\"tbl_spacer.png\" alt=\".\" style=\"background-color: inherit\" class=\"hierarchy\"/><img src=\"tbl_vline.png\" alt=\".\" style=\"background-color: inherit\" class=\"hierarchy\"/><img src=\"tbl_vjoin.png\" alt=\".\" style=\"background-color: inherit\" class=\"hierarchy\"/><img src=\"icon_datatype.gif\" alt=\".\" style=\"background-color: white; background-color: inherit\" title=\"Data Type\" class=\"hierarchy\"/> <a href=\"StructureDefinition-UnEMRPatientModel-definitions.html#UnEMRPatientModel.emergencyContact.emergencyContactAddress\" title=\"Address of the emergency contact person\">emergencyContactAddress</a><a name=\"UnEMRPatientModel.emergencyContact.emergencyContactAddress\"> </a></td><td style=\"vertical-align: top; text-align : left; background-color: white; border: 0px #F0F0F0 solid; padding:0px 4px 0px 4px\" class=\"hierarchy\"/><td style=\"vertical-align: top; text-align : left; background-color: white; border: 0px #F0F0F0 solid; padding:0px 4px 0px 4px\" class=\"hierarchy\">0..1</td><td style=\"vertical-align: top; text-align : left; background-color: white; border: 0px #F0F0F0 solid; padding:0px 4px 0px 4px\" class=\"hierarchy\"><a href=\"http://hl7.org/fhir/R4/datatypes.html#Address\">Address</a></td><td style=\"vertical-align: top; text-align : left; background-color: white; border: 0px #F0F0F0 solid; padding:0px 4px 0px 4px\" class=\"hierarchy\">Address of the contact</td></tr>\r\n<tr style=\"border: 0px #F0F0F0 solid; padding:0px; vertical-align: top; background-color: #F7F7F7\"><td style=\"vertical-align: top; text-align : left; background-color: #F7F7F7; border: 0px #F0F0F0 solid; padding:0px 4px 0px 4px; white-space: nowrap; background-image: url(tbl_bck110.png)\" class=\"hierarchy\"><img src=\"tbl_spacer.png\" alt=\".\" style=\"background-color: inherit\" class=\"hierarchy\"/><img src=\"tbl_vline.png\" alt=\".\" style=\"background-color: inherit\" class=\"hierarchy\"/><img src=\"tbl_vjoin.png\" alt=\".\" style=\"background-color: inherit\" class=\"hierarchy\"/><img src=\"icon_primitive.png\" alt=\".\" style=\"background-color: #F7F7F7; background-color: inherit\" title=\"Primitive Data Type\" class=\"hierarchy\"/> <a href=\"StructureDefinition-UnEMRPatientModel-definitions.html#UnEMRPatientModel.emergencyContact.emergencyContactPhone\" title=\"Phone number of the emergency contact person\">emergencyContactPhone</a><a name=\"UnEMRPatientModel.emergencyContact.emergencyContactPhone\"> </a></td><td style=\"vertical-align: top; text-align : left; background-color: #F7F7F7; border: 0px #F0F0F0 solid; padding:0px 4px 0px 4px\" class=\"hierarchy\"/><td style=\"vertical-align: top; text-align : left; background-color: #F7F7F7; border: 0px #F0F0F0 solid; padding:0px 4px 0px 4px\" class=\"hierarchy\">0..1</td><td style=\"vertical-align: top; text-align : left; background-color: #F7F7F7; border: 0px #F0F0F0 solid; padding:0px 4px 0px 4px\" class=\"hierarchy\"><a href=\"http://hl7.org/fhir/R4/datatypes.html#string\">string</a></td><td style=\"vertical-align: top; text-align : left; background-color: #F7F7F7; border: 0px #F0F0F0 solid; padding:0px 4px 0px 4px\" class=\"hierarchy\">Phone number of the contact</td></tr>\r\n<tr style=\"border: 0px #F0F0F0 solid; padding:0px; vertical-align: top; background-color: white\"><td style=\"vertical-align: top; text-align : left; background-color: white; border: 0px #F0F0F0 solid; padding:0px 4px 0px 4px; white-space: nowrap; background-image: url(tbl_bck100.png)\" class=\"hierarchy\"><img src=\"tbl_spacer.png\" alt=\".\" style=\"background-color: inherit\" class=\"hierarchy\"/><img src=\"tbl_vline.png\" alt=\".\" style=\"background-color: inherit\" class=\"hierarchy\"/><img src=\"tbl_vjoin_end.png\" alt=\".\" style=\"background-color: inherit\" class=\"hierarchy\"/><img src=\"icon_primitive.png\" alt=\".\" style=\"background-color: white; background-color: inherit\" title=\"Primitive Data Type\" class=\"hierarchy\"/> <a href=\"StructureDefinition-UnEMRPatientModel-definitions.html#UnEMRPatientModel.emergencyContact.emergencyContactEmail\" title=\"Email address of the emergency contact person\">emergencyContactEmail</a><a name=\"UnEMRPatientModel.emergencyContact.emergencyContactEmail\"> </a></td><td style=\"vertical-align: top; text-align : left; background-color: white; border: 0px #F0F0F0 solid; padding:0px 4px 0px 4px\" class=\"hierarchy\"/><td style=\"vertical-align: top; text-align : left; background-color: white; border: 0px #F0F0F0 solid; padding:0px 4px 0px 4px\" class=\"hierarchy\">0..1</td><td style=\"vertical-align: top; text-align : left; background-color: white; border: 0px #F0F0F0 solid; padding:0px 4px 0px 4px\" class=\"hierarchy\"><a href=\"http://hl7.org/fhir/R4/datatypes.html#string\">string</a></td><td style=\"vertical-align: top; text-align : left; background-color: white; border: 0px #F0F0F0 solid; padding:0px 4px 0px 4px\" class=\"hierarchy\">Email address of the contact</td></tr>\r\n<tr style=\"border: 0px #F0F0F0 solid; padding:0px; vertical-align: top; background-color: #F7F7F7\"><td style=\"vertical-align: top; text-align : left; background-color: #F7F7F7; border: 0px #F0F0F0 solid; padding:0px 4px 0px 4px; white-space: nowrap; background-image: url(tbl_bck10.png)\" class=\"hierarchy\"><img src=\"tbl_spacer.png\" alt=\".\" style=\"background-color: inherit\" class=\"hierarchy\"/><img src=\"tbl_vjoin.png\" alt=\".\" style=\"background-color: inherit\" class=\"hierarchy\"/><img src=\"icon_reference.png\" alt=\".\" style=\"background-color: #F7F7F7; background-color: inherit\" title=\"Reference to another Resource\" class=\"hierarchy\"/> <a href=\"StructureDefinition-UnEMRPatientModel-definitions.html#UnEMRPatientModel.provider\" title=\"The provider handling the patient\">provider</a><a name=\"UnEMRPatientModel.provider\"> </a></td><td style=\"vertical-align: top; text-align : left; background-color: #F7F7F7; border: 0px #F0F0F0 solid; padding:0px 4px 0px 4px\" class=\"hierarchy\"/><td style=\"vertical-align: top; text-align : left; background-color: #F7F7F7; border: 0px #F0F0F0 solid; padding:0px 4px 0px 4px\" class=\"hierarchy\">0..1</td><td style=\"vertical-align: top; text-align : left; background-color: #F7F7F7; border: 0px #F0F0F0 solid; padding:0px 4px 0px 4px\" class=\"hierarchy\"><a href=\"http://hl7.org/fhir/R4/references.html\">Reference</a>()</td><td style=\"vertical-align: top; text-align : left; background-color: #F7F7F7; border: 0px #F0F0F0 solid; padding:0px 4px 0px 4px\" class=\"hierarchy\">The provider handling the patient</td></tr>\r\n<tr style=\"border: 0px #F0F0F0 solid; padding:0px; vertical-align: top; background-color: white\"><td style=\"vertical-align: top; text-align : left; background-color: white; border: 0px #F0F0F0 solid; padding:0px 4px 0px 4px; white-space: nowrap; background-image: url(tbl_bck10.png)\" class=\"hierarchy\"><img src=\"tbl_spacer.png\" alt=\".\" style=\"background-color: inherit\" class=\"hierarchy\"/><img src=\"tbl_vjoin.png\" alt=\".\" style=\"background-color: inherit\" class=\"hierarchy\"/><img src=\"icon_reference.png\" alt=\".\" style=\"background-color: white; background-color: inherit\" title=\"Reference to another Resource\" class=\"hierarchy\"/> <a href=\"StructureDefinition-UnEMRPatientModel-definitions.html#UnEMRPatientModel.providerReferral\" title=\"The provider referred by the primary provider to handle the patient\">providerReferral</a><a name=\"UnEMRPatientModel.providerReferral\"> </a></td><td style=\"vertical-align: top; text-align : left; background-color: white; border: 0px #F0F0F0 solid; padding:0px 4px 0px 4px\" class=\"hierarchy\"/><td style=\"vertical-align: top; text-align : left; background-color: white; border: 0px #F0F0F0 solid; padding:0px 4px 0px 4px\" class=\"hierarchy\">0..1</td><td style=\"vertical-align: top; text-align : left; background-color: white; border: 0px #F0F0F0 solid; padding:0px 4px 0px 4px\" class=\"hierarchy\"><a href=\"http://hl7.org/fhir/R4/references.html\">Reference</a>()</td><td style=\"vertical-align: top; text-align : left; background-color: white; border: 0px #F0F0F0 solid; padding:0px 4px 0px 4px\" class=\"hierarchy\">Provider referred by primary provider</td></tr>\r\n<tr style=\"border: 0px #F0F0F0 solid; padding:0px; vertical-align: top; background-color: #F7F7F7\"><td style=\"vertical-align: top; text-align : left; background-color: #F7F7F7; border: 0px #F0F0F0 solid; padding:0px 4px 0px 4px; white-space: nowrap; background-image: url(tbl_bck10.png)\" class=\"hierarchy\"><img src=\"tbl_spacer.png\" alt=\".\" style=\"background-color: inherit\" class=\"hierarchy\"/><img src=\"tbl_vjoin.png\" alt=\".\" style=\"background-color: inherit\" class=\"hierarchy\"/><img src=\"icon_reference.png\" alt=\".\" style=\"background-color: #F7F7F7; background-color: inherit\" title=\"Reference to another Resource\" class=\"hierarchy\"/> <a href=\"StructureDefinition-UnEMRPatientModel-definitions.html#UnEMRPatientModel.providerSelfReferral\" title=\"The provider chosen by the patient for consultation. The provider is chosen from a list of providers accessible to the patient\">providerSelfReferral</a><a name=\"UnEMRPatientModel.providerSelfReferral\"> </a></td><td style=\"vertical-align: top; text-align : left; background-color: #F7F7F7; border: 0px #F0F0F0 solid; padding:0px 4px 0px 4px\" class=\"hierarchy\"/><td style=\"vertical-align: top; text-align : left; background-color: #F7F7F7; border: 0px #F0F0F0 solid; padding:0px 4px 0px 4px\" class=\"hierarchy\">0..1</td><td style=\"vertical-align: top; text-align : left; background-color: #F7F7F7; border: 0px #F0F0F0 solid; padding:0px 4px 0px 4px\" class=\"hierarchy\"><a href=\"http://hl7.org/fhir/R4/references.html\">Reference</a>()</td><td style=\"vertical-align: top; text-align : left; background-color: #F7F7F7; border: 0px #F0F0F0 solid; padding:0px 4px 0px 4px\" class=\"hierarchy\">Provider referred by the patient</td></tr>\r\n<tr style=\"border: 0px #F0F0F0 solid; padding:0px; vertical-align: top; background-color: white\"><td style=\"vertical-align: top; text-align : left; background-color: white; border: 0px #F0F0F0 solid; padding:0px 4px 0px 4px; white-space: nowrap; background-image: url(tbl_bck10.png)\" class=\"hierarchy\"><img src=\"tbl_spacer.png\" alt=\".\" style=\"background-color: inherit\" class=\"hierarchy\"/><img src=\"tbl_vjoin.png\" alt=\".\" style=\"background-color: inherit\" class=\"hierarchy\"/><img src=\"icon_primitive.png\" alt=\".\" style=\"background-color: white; background-color: inherit\" title=\"Primitive Data Type\" class=\"hierarchy\"/> <a href=\"StructureDefinition-UnEMRPatientModel-definitions.html#UnEMRPatientModel.referralNotes\" title=\"Notes describing the referral\">referralNotes</a><a name=\"UnEMRPatientModel.referralNotes\"> </a></td><td style=\"vertical-align: top; text-align : left; background-color: white; border: 0px #F0F0F0 solid; padding:0px 4px 0px 4px\" class=\"hierarchy\"/><td style=\"vertical-align: top; text-align : left; background-color: white; border: 0px #F0F0F0 solid; padding:0px 4px 0px 4px\" class=\"hierarchy\">0..*</td><td style=\"vertical-align: top; text-align : left; background-color: white; border: 0px #F0F0F0 solid; padding:0px 4px 0px 4px\" class=\"hierarchy\"><a href=\"http://hl7.org/fhir/R4/datatypes.html#string\">string</a></td><td style=\"vertical-align: top; text-align : left; background-color: white; border: 0px #F0F0F0 solid; padding:0px 4px 0px 4px\" class=\"hierarchy\">Notes describing the referral<br/></td></tr>\r\n<tr style=\"border: 0px #F0F0F0 solid; padding:0px; vertical-align: top; background-color: #F7F7F7\"><td style=\"vertical-align: top; text-align : left; background-color: #F7F7F7; border: 0px #F0F0F0 solid; padding:0px 4px 0px 4px; white-space: nowrap; background-image: url(tbl_bck10.png)\" class=\"hierarchy\"><img src=\"tbl_spacer.png\" alt=\".\" style=\"background-color: inherit\" class=\"hierarchy\"/><img src=\"tbl_vjoin.png\" alt=\".\" style=\"background-color: inherit\" class=\"hierarchy\"/><img src=\"icon_datatype.gif\" alt=\".\" style=\"background-color: #F7F7F7; background-color: inherit\" title=\"Data Type\" class=\"hierarchy\"/> <a href=\"StructureDefinition-UnEMRPatientModel-definitions.html#UnEMRPatientModel.allergies\" title=\"Allergies of the patient\">allergies</a><a name=\"UnEMRPatientModel.allergies\"> </a></td><td style=\"vertical-align: top; text-align : left; background-color: #F7F7F7; border: 0px #F0F0F0 solid; padding:0px 4px 0px 4px\" class=\"hierarchy\"/><td style=\"vertical-align: top; text-align : left; background-color: #F7F7F7; border: 0px #F0F0F0 solid; padding:0px 4px 0px 4px\" class=\"hierarchy\">0..*</td><td style=\"vertical-align: top; text-align : left; background-color: #F7F7F7; border: 0px #F0F0F0 solid; padding:0px 4px 0px 4px\" class=\"hierarchy\"><a href=\"http://hl7.org/fhir/R4/datatypes.html#CodeableConcept\">CodeableConcept</a></td><td style=\"vertical-align: top; text-align : left; background-color: #F7F7F7; border: 0px #F0F0F0 solid; padding:0px 4px 0px 4px\" class=\"hierarchy\">Allergies of the patient<br/></td></tr>\r\n<tr style=\"border: 0px #F0F0F0 solid; padding:0px; vertical-align: top; background-color: white\"><td style=\"vertical-align: top; text-align : left; background-color: white; border: 0px #F0F0F0 solid; padding:0px 4px 0px 4px; white-space: nowrap; background-image: url(tbl_bck10.png)\" class=\"hierarchy\"><img src=\"tbl_spacer.png\" alt=\".\" style=\"background-color: inherit\" class=\"hierarchy\"/><img src=\"tbl_vjoin.png\" alt=\".\" style=\"background-color: inherit\" class=\"hierarchy\"/><img src=\"icon_datatype.gif\" alt=\".\" style=\"background-color: white; background-color: inherit\" title=\"Data Type\" class=\"hierarchy\"/> <a href=\"StructureDefinition-UnEMRPatientModel-definitions.html#UnEMRPatientModel.immunizations\" title=\"Immunization history of the patient\">immunizations</a><a name=\"UnEMRPatientModel.immunizations\"> </a></td><td style=\"vertical-align: top; text-align : left; background-color: white; border: 0px #F0F0F0 solid; padding:0px 4px 0px 4px\" class=\"hierarchy\"/><td style=\"vertical-align: top; text-align : left; background-color: white; border: 0px #F0F0F0 solid; padding:0px 4px 0px 4px\" class=\"hierarchy\">0..*</td><td style=\"vertical-align: top; text-align : left; background-color: white; border: 0px #F0F0F0 solid; padding:0px 4px 0px 4px\" class=\"hierarchy\"><a href=\"http://hl7.org/fhir/R4/datatypes.html#CodeableConcept\">CodeableConcept</a></td><td style=\"vertical-align: top; text-align : left; background-color: white; border: 0px #F0F0F0 solid; padding:0px 4px 0px 4px\" class=\"hierarchy\">Immunization history of the patient<br/></td></tr>\r\n<tr style=\"border: 0px #F0F0F0 solid; padding:0px; vertical-align: top; background-color: #F7F7F7\"><td style=\"vertical-align: top; text-align : left; background-color: #F7F7F7; border: 0px #F0F0F0 solid; padding:0px 4px 0px 4px; white-space: nowrap; background-image: url(tbl_bck10.png)\" class=\"hierarchy\"><img src=\"tbl_spacer.png\" alt=\".\" style=\"background-color: inherit\" class=\"hierarchy\"/><img src=\"tbl_vjoin.png\" alt=\".\" style=\"background-color: inherit\" class=\"hierarchy\"/><img src=\"icon_datatype.gif\" alt=\".\" style=\"background-color: #F7F7F7; background-color: inherit\" title=\"Data Type\" class=\"hierarchy\"/> <a href=\"StructureDefinition-UnEMRPatientModel-definitions.html#UnEMRPatientModel.medications\" title=\"History of medications taken by the patient relevant to the current consultation\">medications</a><a name=\"UnEMRPatientModel.medications\"> </a></td><td style=\"vertical-align: top; text-align : left; background-color: #F7F7F7; border: 0px #F0F0F0 solid; padding:0px 4px 0px 4px\" class=\"hierarchy\"/><td style=\"vertical-align: top; text-align : left; background-color: #F7F7F7; border: 0px #F0F0F0 solid; padding:0px 4px 0px 4px\" class=\"hierarchy\">0..*</td><td style=\"vertical-align: top; text-align : left; background-color: #F7F7F7; border: 0px #F0F0F0 solid; padding:0px 4px 0px 4px\" class=\"hierarchy\"><a href=\"http://hl7.org/fhir/R4/datatypes.html#CodeableConcept\">CodeableConcept</a></td><td style=\"vertical-align: top; text-align : left; background-color: #F7F7F7; border: 0px #F0F0F0 solid; padding:0px 4px 0px 4px\" class=\"hierarchy\">Medication history of the patient<br/></td></tr>\r\n<tr style=\"border: 0px #F0F0F0 solid; padding:0px; vertical-align: top; background-color: white\"><td style=\"vertical-align: top; text-align : left; background-color: white; border: 0px #F0F0F0 solid; padding:0px 4px 0px 4px; white-space: nowrap; background-image: url(tbl_bck10.png)\" class=\"hierarchy\"><img src=\"tbl_spacer.png\" alt=\".\" style=\"background-color: inherit\" class=\"hierarchy\"/><img src=\"tbl_vjoin.png\" alt=\".\" style=\"background-color: inherit\" class=\"hierarchy\"/><img src=\"icon_primitive.png\" alt=\".\" style=\"background-color: white; background-color: inherit\" title=\"Primitive Data Type\" class=\"hierarchy\"/> <a href=\"StructureDefinition-UnEMRPatientModel-definitions.html#UnEMRPatientModel.patientNotes\" title=\"Additional notes about the patient\">patientNotes</a><a name=\"UnEMRPatientModel.patientNotes\"> </a></td><td style=\"vertical-align: top; text-align : left; background-color: white; border: 0px #F0F0F0 solid; padding:0px 4px 0px 4px\" class=\"hierarchy\"/><td style=\"vertical-align: top; text-align : left; background-color: white; border: 0px #F0F0F0 solid; padding:0px 4px 0px 4px\" class=\"hierarchy\">0..*</td><td style=\"vertical-align: top; text-align : left; background-color: white; border: 0px #F0F0F0 solid; padding:0px 4px 0px 4px\" class=\"hierarchy\"><a href=\"http://hl7.org/fhir/R4/datatypes.html#string\">string</a></td><td style=\"vertical-align: top; text-align : left; background-color: white; border: 0px #F0F0F0 solid; padding:0px 4px 0px 4px\" class=\"hierarchy\">Additional notes about the patient<br/></td></tr>\r\n<tr style=\"border: 0px #F0F0F0 solid; padding:0px; vertical-align: top; background-color: #F7F7F7\"><td style=\"vertical-align: top; text-align : left; background-color: #F7F7F7; border: 0px #F0F0F0 solid; padding:0px 4px 0px 4px; white-space: nowrap; background-image: url(tbl_bck10.png)\" class=\"hierarchy\"><img src=\"tbl_spacer.png\" alt=\".\" style=\"background-color: inherit\" class=\"hierarchy\"/><img src=\"tbl_vjoin.png\" alt=\".\" style=\"background-color: inherit\" class=\"hierarchy\"/><img src=\"icon_primitive.png\" alt=\".\" style=\"background-color: #F7F7F7; background-color: inherit\" title=\"Primitive Data Type\" class=\"hierarchy\"/> <a href=\"StructureDefinition-UnEMRPatientModel-definitions.html#UnEMRPatientModel.comments\" title=\"Additional comments regarding this patient record\">comments</a><a name=\"UnEMRPatientModel.comments\"> </a></td><td style=\"vertical-align: top; text-align : left; background-color: #F7F7F7; border: 0px #F0F0F0 solid; padding:0px 4px 0px 4px\" class=\"hierarchy\"/><td style=\"vertical-align: top; text-align : left; background-color: #F7F7F7; border: 0px #F0F0F0 solid; padding:0px 4px 0px 4px\" class=\"hierarchy\">0..*</td><td style=\"vertical-align: top; text-align : left; background-color: #F7F7F7; border: 0px #F0F0F0 solid; padding:0px 4px 0px 4px\" class=\"hierarchy\"><a href=\"http://hl7.org/fhir/R4/datatypes.html#string\">string</a></td><td style=\"vertical-align: top; text-align : left; background-color: #F7F7F7; border: 0px #F0F0F0 solid; padding:0px 4px 0px 4px\" class=\"hierarchy\">Additional comments regarding this patient record<br/></td></tr>\r\n<tr style=\"border: 0px #F0F0F0 solid; padding:0px; vertical-align: top; background-color: white\"><td style=\"vertical-align: top; text-align : left; background-color: white; border: 0px #F0F0F0 solid; padding:0px 4px 0px 4px; white-space: nowrap; background-image: url(tbl_bck10.png)\" class=\"hierarchy\"><img src=\"tbl_spacer.png\" alt=\".\" style=\"background-color: inherit\" class=\"hierarchy\"/><img src=\"tbl_vjoin.png\" alt=\".\" style=\"background-color: inherit\" class=\"hierarchy\"/><img src=\"icon_reference.png\" alt=\".\" style=\"background-color: white; background-color: inherit\" title=\"Reference to another Resource\" class=\"hierarchy\"/> <a href=\"StructureDefinition-UnEMRPatientModel-definitions.html#UnEMRPatientModel.consent\" title=\"Consent agreed upon by the patient regarding their patient data\">consent</a><a name=\"UnEMRPatientModel.consent\"> </a></td><td style=\"vertical-align: top; text-align : left; background-color: white; border: 0px #F0F0F0 solid; padding:0px 4px 0px 4px\" class=\"hierarchy\"/><td style=\"vertical-align: top; text-align : left; background-color: white; border: 0px #F0F0F0 solid; padding:0px 4px 0px 4px\" class=\"hierarchy\">1..1</td><td style=\"vertical-align: top; text-align : left; background-color: white; border: 0px #F0F0F0 solid; padding:0px 4px 0px 4px\" class=\"hierarchy\"><a href=\"http://hl7.org/fhir/R4/references.html\">Reference</a>()</td><td style=\"vertical-align: top; text-align : left; background-color: white; border: 0px #F0F0F0 solid; padding:0px 4px 0px 4px\" class=\"hierarchy\">Patient consent information</td></tr>\r\n<tr style=\"border: 0px #F0F0F0 solid; padding:0px; vertical-align: top; background-color: #F7F7F7\"><td style=\"vertical-align: top; text-align : left; background-color: #F7F7F7; border: 0px #F0F0F0 solid; padding:0px 4px 0px 4px; white-space: nowrap; background-image: url(tbl_bck01.png)\" class=\"hierarchy\"><img src=\"tbl_spacer.png\" alt=\".\" style=\"background-color: inherit\" class=\"hierarchy\"/><img src=\"tbl_vjoin_end.png\" alt=\".\" style=\"background-color: inherit\" class=\"hierarchy\"/><img src=\"icon_datatype.gif\" alt=\".\" style=\"background-color: #F7F7F7; background-color: inherit\" title=\"Data Type\" class=\"hierarchy\"/> <a href=\"StructureDefinition-UnEMRPatientModel-definitions.html#UnEMRPatientModel.auditLog\" title=\"Record audit log\">auditLog</a><a name=\"UnEMRPatientModel.auditLog\"> </a></td><td style=\"vertical-align: top; text-align : left; background-color: #F7F7F7; border: 0px #F0F0F0 solid; padding:0px 4px 0px 4px\" class=\"hierarchy\"/><td style=\"vertical-align: top; text-align : left; background-color: #F7F7F7; border: 0px #F0F0F0 solid; padding:0px 4px 0px 4px\" class=\"hierarchy\">1..1</td><td style=\"vertical-align: top; text-align : left; background-color: #F7F7F7; border: 0px #F0F0F0 solid; padding:0px 4px 0px 4px\" class=\"hierarchy\"><a href=\"http://hl7.org/fhir/R4/datatypes.html#BackboneElement\">BackboneElement</a></td><td style=\"vertical-align: top; text-align : left; background-color: #F7F7F7; border: 0px #F0F0F0 solid; padding:0px 4px 0px 4px\" class=\"hierarchy\">Record audit log</td></tr>\r\n<tr style=\"border: 0px #F0F0F0 solid; padding:0px; vertical-align: top; background-color: white\"><td style=\"vertical-align: top; text-align : left; background-color: white; border: 0px #F0F0F0 solid; padding:0px 4px 0px 4px; white-space: nowrap; background-image: url(tbl_bck010.png)\" class=\"hierarchy\"><img src=\"tbl_spacer.png\" alt=\".\" style=\"background-color: inherit\" class=\"hierarchy\"/><img src=\"tbl_blank.png\" alt=\".\" style=\"background-color: inherit\" class=\"hierarchy\"/><img src=\"tbl_vjoin.png\" alt=\".\" style=\"background-color: inherit\" class=\"hierarchy\"/><img src=\"icon_reference.png\" alt=\".\" style=\"background-color: white; background-color: inherit\" title=\"Reference to another Resource\" class=\"hierarchy\"/> <a href=\"StructureDefinition-UnEMRPatientModel-definitions.html#UnEMRPatientModel.auditLog.createdBy\" title=\"Person who created the patient record\">createdBy</a><a name=\"UnEMRPatientModel.auditLog.createdBy\"> </a></td><td style=\"vertical-align: top; text-align : left; background-color: white; border: 0px #F0F0F0 solid; padding:0px 4px 0px 4px\" class=\"hierarchy\"/><td style=\"vertical-align: top; text-align : left; background-color: white; border: 0px #F0F0F0 solid; padding:0px 4px 0px 4px\" class=\"hierarchy\">1..1</td><td style=\"vertical-align: top; text-align : left; background-color: white; border: 0px #F0F0F0 solid; padding:0px 4px 0px 4px\" class=\"hierarchy\"><a href=\"http://hl7.org/fhir/R4/references.html\">Reference</a>()</td><td style=\"vertical-align: top; text-align : left; background-color: white; border: 0px #F0F0F0 solid; padding:0px 4px 0px 4px\" class=\"hierarchy\">Person who created the record</td></tr>\r\n<tr style=\"border: 0px #F0F0F0 solid; padding:0px; vertical-align: top; background-color: #F7F7F7\"><td style=\"vertical-align: top; text-align : left; background-color: #F7F7F7; border: 0px #F0F0F0 solid; padding:0px 4px 0px 4px; white-space: nowrap; background-image: url(tbl_bck010.png)\" class=\"hierarchy\"><img src=\"tbl_spacer.png\" alt=\".\" style=\"background-color: inherit\" class=\"hierarchy\"/><img src=\"tbl_blank.png\" alt=\".\" style=\"background-color: inherit\" class=\"hierarchy\"/><img src=\"tbl_vjoin.png\" alt=\".\" style=\"background-color: inherit\" class=\"hierarchy\"/><img src=\"icon_primitive.png\" alt=\".\" style=\"background-color: #F7F7F7; background-color: inherit\" title=\"Primitive Data Type\" class=\"hierarchy\"/> <a href=\"StructureDefinition-UnEMRPatientModel-definitions.html#UnEMRPatientModel.auditLog.dateCreated\" title=\"Date when the patient record was created\">dateCreated</a><a name=\"UnEMRPatientModel.auditLog.dateCreated\"> </a></td><td style=\"vertical-align: top; text-align : left; background-color: #F7F7F7; border: 0px #F0F0F0 solid; padding:0px 4px 0px 4px\" class=\"hierarchy\"/><td style=\"vertical-align: top; text-align : left; background-color: #F7F7F7; border: 0px #F0F0F0 solid; padding:0px 4px 0px 4px\" class=\"hierarchy\">1..1</td><td style=\"vertical-align: top; text-align : left; background-color: #F7F7F7; border: 0px #F0F0F0 solid; padding:0px 4px 0px 4px\" class=\"hierarchy\"><a href=\"http://hl7.org/fhir/R4/datatypes.html#dateTime\">dateTime</a></td><td style=\"vertical-align: top; text-align : left; background-color: #F7F7F7; border: 0px #F0F0F0 solid; padding:0px 4px 0px 4px\" class=\"hierarchy\">Date when the patient record was created</td></tr>\r\n<tr style=\"border: 0px #F0F0F0 solid; padding:0px; vertical-align: top; background-color: white\"><td style=\"vertical-align: top; text-align : left; background-color: white; border: 0px #F0F0F0 solid; padding:0px 4px 0px 4px; white-space: nowrap; background-image: url(tbl_bck010.png)\" class=\"hierarchy\"><img src=\"tbl_spacer.png\" alt=\".\" style=\"background-color: inherit\" class=\"hierarchy\"/><img src=\"tbl_blank.png\" alt=\".\" style=\"background-color: inherit\" class=\"hierarchy\"/><img src=\"tbl_vjoin.png\" alt=\".\" style=\"background-color: inherit\" class=\"hierarchy\"/><img src=\"icon_reference.png\" alt=\".\" style=\"background-color: white; background-color: inherit\" title=\"Reference to another Resource\" class=\"hierarchy\"/> <a href=\"StructureDefinition-UnEMRPatientModel-definitions.html#UnEMRPatientModel.auditLog.lastUpdatedBy\" title=\"Person who recently updated the record\">lastUpdatedBy</a><a name=\"UnEMRPatientModel.auditLog.lastUpdatedBy\"> </a></td><td style=\"vertical-align: top; text-align : left; background-color: white; border: 0px #F0F0F0 solid; padding:0px 4px 0px 4px\" class=\"hierarchy\"/><td style=\"vertical-align: top; text-align : left; background-color: white; border: 0px #F0F0F0 solid; padding:0px 4px 0px 4px\" class=\"hierarchy\">1..1</td><td style=\"vertical-align: top; text-align : left; background-color: white; border: 0px #F0F0F0 solid; padding:0px 4px 0px 4px\" class=\"hierarchy\"><a href=\"http://hl7.org/fhir/R4/references.html\">Reference</a>()</td><td style=\"vertical-align: top; text-align : left; background-color: white; border: 0px #F0F0F0 solid; padding:0px 4px 0px 4px\" class=\"hierarchy\">Person who recently updated the record</td></tr>\r\n<tr style=\"border: 0px #F0F0F0 solid; padding:0px; vertical-align: top; background-color: #F7F7F7\"><td style=\"vertical-align: top; text-align : left; background-color: #F7F7F7; border: 0px #F0F0F0 solid; padding:0px 4px 0px 4px; white-space: nowrap; background-image: url(tbl_bck000.png)\" class=\"hierarchy\"><img src=\"tbl_spacer.png\" alt=\".\" style=\"background-color: inherit\" class=\"hierarchy\"/><img src=\"tbl_blank.png\" alt=\".\" style=\"background-color: inherit\" class=\"hierarchy\"/><img src=\"tbl_vjoin_end.png\" alt=\".\" style=\"background-color: inherit\" class=\"hierarchy\"/><img src=\"icon_primitive.png\" alt=\".\" style=\"background-color: #F7F7F7; background-color: inherit\" title=\"Primitive Data Type\" class=\"hierarchy\"/> <a href=\"StructureDefinition-UnEMRPatientModel-definitions.html#UnEMRPatientModel.auditLog.dateLastUpdated\" title=\"Date when the patient record last updated\">dateLastUpdated</a><a name=\"UnEMRPatientModel.auditLog.dateLastUpdated\"> </a></td><td style=\"vertical-align: top; text-align : left; background-color: #F7F7F7; border: 0px #F0F0F0 solid; padding:0px 4px 0px 4px\" class=\"hierarchy\"/><td style=\"vertical-align: top; text-align : left; background-color: #F7F7F7; border: 0px #F0F0F0 solid; padding:0px 4px 0px 4px\" class=\"hierarchy\">1..1</td><td style=\"vertical-align: top; text-align : left; background-color: #F7F7F7; border: 0px #F0F0F0 solid; padding:0px 4px 0px 4px\" class=\"hierarchy\"><a href=\"http://hl7.org/fhir/R4/datatypes.html#dateTime\">dateTime</a></td><td style=\"vertical-align: top; text-align : left; background-color: #F7F7F7; border: 0px #F0F0F0 solid; padding:0px 4px 0px 4px\" class=\"hierarchy\">Date when the patient record last updated</td></tr>\r\n<tr><td colspan=\"5\" class=\"hierarchy\"><br/><a href=\"http://hl7.org/fhir/R4/formats.html#table\" title=\"Legend for this format\"><img src=\"http://hl7.org/fhir/R4/help16.png\" alt=\"doco\" style=\"background-color: inherit\"/> Documentation for this format</a></td></tr></table></div>"},"url":"http://fhir.usacfi.net/StructureDefinition/UnEMRPatientModel","version":"0.1.0-test","name":"UnEMRPatientModel","title":"UnEMR Patient Logical Model","status":"active","date":"2021-08-07T00:05:05+00:00","publisher":"University of San Agustin - Center for Informatics","contact":[{"telecom":[{"system":"url","value":"https://usacfi.net/contact-us.html"}]}],"description":"Patient data model implemented in UnEMR","jurisdiction":[{"coding":[{"system":"http://unstats.un.org/unsd/methods/m49/m49.htm","code":"001"}]}],"fhirVersion":"4.0.1","mapping":[{"identity":"rim","uri":"http://hl7.org/v3","name":"RIM Mapping"}],"kind":"logical","abstract":false,"type":"http://fhir.usacfi.net/StructureDefinition/UnEMRPatientModel","baseDefinition":"http://hl7.org/fhir/StructureDefinition/Base","derivation":"specialization","snapshot":{"element":[{"id":"UnEMRPatientModel","path":"UnEMRPatientModel","short":"UnEMR Patient Logical Model","definition":"Patient data model implemented in UnEMR","min":0,"max":"*","base":{"path":"Base","min":0,"max":"*"},"isModifier":false},{"id":"UnEMRPatientModel.patientId","path":"UnEMRPatientModel.patientId","short":"Patient identifier","definition":"Patient identifier","min":1,"max":"1","base":{"path":"UnEMRPatientModel.patientId","min":1,"max":"1"},"type":[{"code":"id"}]},{"id":"UnEMRPatientModel.userStatus","path":"UnEMRPatientModel.userStatus","short":"Patient status","definition":"Patient status (e.g. active, inactive, pending approval)","min":1,"max":"1","base":{"path":"UnEMRPatientModel.userStatus","min":1,"max":"1"},"type":[{"code":"string"}]},{"id":"UnEMRPatientModel.name","path":"UnEMRPatientModel.name","short":"Name of patient","definition":"Name of patient","min":1,"max":"1","base":{"path":"UnEMRPatientModel.name","min":1,"max":"1"},"type":[{"code":"HumanName"}]},{"id":"UnEMRPatientModel.email","path":"UnEMRPatientModel.email","short":"Email of patient","definition":"Email of patient","min":1,"max":"1","base":{"path":"UnEMRPatientModel.email","min":1,"max":"1"},"type":[{"code":"string"}]},{"id":"UnEMRPatientModel.phone","path":"UnEMRPatientModel.phone","short":"Phone number of patient","definition":"Phone number of patient","min":0,"max":"1","base":{"path":"UnEMRPatientModel.phone","min":0,"max":"1"},"type":[{"code":"string"}]},{"id":"UnEMRPatientModel.sex","path":"UnEMRPatientModel.sex","short":"Gender of the patient","definition":"Gender of the patient","min":0,"max":"1","base":{"path":"UnEMRPatientModel.sex","min":0,"max":"1"},"type":[{"code":"CodeableConcept"}]},{"id":"UnEMRPatientModel.dateOfBirth","path":"UnEMRPatientModel.dateOfBirth","short":"Birthday of the patient","definition":"Birthday of the patient. Required for the calculation of age","min":1,"max":"1","base":{"path":"UnEMRPatientModel.dateOfBirth","min":1,"max":"1"},"type":[{"code":"dateTime"}]},{"id":"UnEMRPatientModel.address","path":"UnEMRPatientModel.address","short":"Address of the patient","definition":"Defines where the patient resides","min":0,"max":"1","base":{"path":"UnEMRPatientModel.address","min":0,"max":"1"},"type":[{"code":"Address"}]},{"id":"UnEMRPatientModel.emergencyContact","path":"UnEMRPatientModel.emergencyContact","short":"Emergency contact of the patient","definition":"Person identified as emergency contact of the patient","min":0,"max":"1","base":{"path":"UnEMRPatientModel.emergencyContact","min":0,"max":"1"},"type":[{"code":"BackboneElement"}]},{"id":"UnEMRPatientModel.emergencyContact.emergencyContactName","path":"UnEMRPatientModel.emergencyContact.emergencyContactName","short":"Name of the emergency contact","definition":"Name of the emergency contact","min":0,"max":"1","base":{"path":"UnEMRPatientModel.emergencyContact.emergencyContactName","min":0,"max":"1"},"type":[{"code":"HumanName"}]},{"id":"UnEMRPatientModel.emergencyContact.emergencyContactRelationship","path":"UnEMRPatientModel.emergencyContact.emergencyContactRelationship","short":"Relationship of the contact to the patient","definition":"Relationship of the contact to the patient","min":0,"max":"1","base":{"path":"UnEMRPatientModel.emergencyContact.emergencyContactRelationship","min":0,"max":"1"},"type":[{"code":"string"}]},{"id":"UnEMRPatientModel.emergencyContact.emergencyContactAddress","path":"UnEMRPatientModel.emergencyContact.emergencyContactAddress","short":"Address of the contact","definition":"Address of the emergency contact person","min":0,"max":"1","base":{"path":"UnEMRPatientModel.emergencyContact.emergencyContactAddress","min":0,"max":"1"},"type":[{"code":"Address"}]},{"id":"UnEMRPatientModel.emergencyContact.emergencyContactPhone","path":"UnEMRPatientModel.emergencyContact.emergencyContactPhone","short":"Phone number of the contact","definition":"Phone number of the emergency contact person","min":0,"max":"1","base":{"path":"UnEMRPatientModel.emergencyContact.emergencyContactPhone","min":0,"max":"1"},"type":[{"code":"string"}]},{"id":"UnEMRPatientModel.emergencyContact.emergencyContactEmail","path":"UnEMRPatientModel.emergencyContact.emergencyContactEmail","short":"Email address of the contact","definition":"Email address of the emergency contact person","min":0,"max":"1","base":{"path":"UnEMRPatientModel.emergencyContact.emergencyContactEmail","min":0,"max":"1"},"type":[{"code":"string"}]},{"id":"UnEMRPatientModel.provider","path":"UnEMRPatientModel.provider","short":"The provider handling the patient","definition":"The provider handling the patient","min":0,"max":"1","base":{"path":"UnEMRPatientModel.provider","min":0,"max":"1"},"type":[{"code":"Reference"}]},{"id":"UnEMRPatientModel.providerReferral","path":"UnEMRPatientModel.providerReferral","short":"Provider referred by primary provider","definition":"The provider referred by the primary provider to handle the patient","min":0,"max":"1","base":{"path":"UnEMRPatientModel.providerReferral","min":0,"max":"1"},"type":[{"code":"Reference"}]},{"id":"UnEMRPatientModel.providerSelfReferral","path":"UnEMRPatientModel.providerSelfReferral","short":"Provider referred by the patient","definition":"The provider chosen by the patient for consultation. The provider is chosen from a list of providers accessible to the patient","min":0,"max":"1","base":{"path":"UnEMRPatientModel.providerSelfReferral","min":0,"max":"1"},"type":[{"code":"Reference"}]},{"id":"UnEMRPatientModel.referralNotes","path":"UnEMRPatientModel.referralNotes","short":"Notes describing the referral","definition":"Notes describing the referral","min":0,"max":"*","base":{"path":"UnEMRPatientModel.referralNotes","min":0,"max":"*"},"type":[{"code":"string"}]},{"id":"UnEMRPatientModel.allergies","path":"UnEMRPatientModel.allergies","short":"Allergies of the patient","definition":"Allergies of the patient","min":0,"max":"*","base":{"path":"UnEMRPatientModel.allergies","min":0,"max":"*"},"type":[{"code":"CodeableConcept"}]},{"id":"UnEMRPatientModel.immunizations","path":"UnEMRPatientModel.immunizations","short":"Immunization history of the patient","definition":"Immunization history of the patient","min":0,"max":"*","base":{"path":"UnEMRPatientModel.immunizations","min":0,"max":"*"},"type":[{"code":"CodeableConcept"}]},{"id":"UnEMRPatientModel.medications","path":"UnEMRPatientModel.medications","short":"Medication history of the patient","definition":"History of medications taken by the patient relevant to the current consultation","min":0,"max":"*","base":{"path":"UnEMRPatientModel.medications","min":0,"max":"*"},"type":[{"code":"CodeableConcept"}]},{"id":"UnEMRPatientModel.patientNotes","path":"UnEMRPatientModel.patientNotes","short":"Additional notes about the patient","definition":"Additional notes about the patient","min":0,"max":"*","base":{"path":"UnEMRPatientModel.patientNotes","min":0,"max":"*"},"type":[{"code":"string"}]},{"id":"UnEMRPatientModel.comments","path":"UnEMRPatientModel.comments","short":"Additional comments regarding this patient record","definition":"Additional comments regarding this patient record","min":0,"max":"*","base":{"path":"UnEMRPatientModel.comments","min":0,"max":"*"},"type":[{"code":"string"}]},{"id":"UnEMRPatientModel.consent","path":"UnEMRPatientModel.consent","short":"Patient consent information","definition":"Consent agreed upon by the patient regarding their patient data","min":1,"max":"1","base":{"path":"UnEMRPatientModel.consent","min":1,"max":"1"},"type":[{"code":"Reference"}]},{"id":"UnEMRPatientModel.auditLog","path":"UnEMRPatientModel.auditLog","short":"Record audit log","definition":"Record audit log","min":1,"max":"1","base":{"path":"UnEMRPatientModel.auditLog","min":1,"max":"1"},"type":[{"code":"BackboneElement"}]},{"id":"UnEMRPatientModel.auditLog.createdBy","path":"UnEMRPatientModel.auditLog.createdBy","short":"Person who created the record","definition":"Person who created the patient record","min":1,"max":"1","base":{"path":"UnEMRPatientModel.auditLog.createdBy","min":1,"max":"1"},"type":[{"code":"Reference"}]},{"id":"UnEMRPatientModel.auditLog.dateCreated","path":"UnEMRPatientModel.auditLog.dateCreated","short":"Date when the patient record was created","definition":"Date when the patient record was created","min":1,"max":"1","base":{"path":"UnEMRPatientModel.auditLog.dateCreated","min":1,"max":"1"},"type":[{"code":"dateTime"}]},{"id":"UnEMRPatientModel.auditLog.lastUpdatedBy","path":"UnEMRPatientModel.auditLog.lastUpdatedBy","short":"Person who recently updated the record","definition":"Person who recently updated the record","min":1,"max":"1","base":{"path":"UnEMRPatientModel.auditLog.lastUpdatedBy","min":1,"max":"1"},"type":[{"code":"Reference"}]},{"id":"UnEMRPatientModel.auditLog.dateLastUpdated","path":"UnEMRPatientModel.auditLog.dateLastUpdated","short":"Date when the patient record last updated","definition":"Date when the patient record last updated","min":1,"max":"1","base":{"path":"UnEMRPatientModel.auditLog.dateLastUpdated","min":1,"max":"1"},"type":[{"code":"dateTime"}]}]},"differential":{"element":[{"id":"UnEMRPatientModel","path":"UnEMRPatientModel","short":"UnEMR Patient Logical Model","definition":"Patient data model implemented in UnEMR"},{"id":"UnEMRPatientModel.patientId","path":"UnEMRPatientModel.patientId","short":"Patient identifier","definition":"Patient identifier","min":1,"max":"1","type":[{"code":"id"}]},{"id":"UnEMRPatientModel.userStatus","path":"UnEMRPatientModel.userStatus","short":"Patient status","definition":"Patient status (e.g. active, inactive, pending approval)","min":1,"max":"1","type":[{"code":"string"}]},{"id":"UnEMRPatientModel.name","path":"UnEMRPatientModel.name","short":"Name of patient","definition":"Name of patient","min":1,"max":"1","type":[{"code":"HumanName"}]},{"id":"UnEMRPatientModel.email","path":"UnEMRPatientModel.email","short":"Email of patient","definition":"Email of patient","min":1,"max":"1","type":[{"code":"string"}]},{"id":"UnEMRPatientModel.phone","path":"UnEMRPatientModel.phone","short":"Phone number of patient","definition":"Phone number of patient","min":0,"max":"1","type":[{"code":"string"}]},{"id":"UnEMRPatientModel.sex","path":"UnEMRPatientModel.sex","short":"Gender of the patient","definition":"Gender of the patient","min":0,"max":"1","type":[{"code":"CodeableConcept"}]},{"id":"UnEMRPatientModel.dateOfBirth","path":"UnEMRPatientModel.dateOfBirth","short":"Birthday of the patient","definition":"Birthday of the patient. Required for the calculation of age","min":1,"max":"1","type":[{"code":"dateTime"}]},{"id":"UnEMRPatientModel.address","path":"UnEMRPatientModel.address","short":"Address of the patient","definition":"Defines where the patient resides","min":0,"max":"1","type":[{"code":"Address"}]},{"id":"UnEMRPatientModel.emergencyContact","path":"UnEMRPatientModel.emergencyContact","short":"Emergency contact of the patient","definition":"Person identified as emergency contact of the patient","min":0,"max":"1","type":[{"code":"BackboneElement"}]},{"id":"UnEMRPatientModel.emergencyContact.emergencyContactName","path":"UnEMRPatientModel.emergencyContact.emergencyContactName","short":"Name of the emergency contact","definition":"Name of the emergency contact","min":0,"max":"1","type":[{"code":"HumanName"}]},{"id":"UnEMRPatientModel.emergencyContact.emergencyContactRelationship","path":"UnEMRPatientModel.emergencyContact.emergencyContactRelationship","short":"Relationship of the contact to the patient","definition":"Relationship of the contact to the patient","min":0,"max":"1","type":[{"code":"string"}]},{"id":"UnEMRPatientModel.emergencyContact.emergencyContactAddress","path":"UnEMRPatientModel.emergencyContact.emergencyContactAddress","short":"Address of the contact","definition":"Address of the emergency contact person","min":0,"max":"1","type":[{"code":"Address"}]},{"id":"UnEMRPatientModel.emergencyContact.emergencyContactPhone","path":"UnEMRPatientModel.emergencyContact.emergencyContactPhone","short":"Phone number of the contact","definition":"Phone number of the emergency contact person","min":0,"max":"1","type":[{"code":"string"}]},{"id":"UnEMRPatientModel.emergencyContact.emergencyContactEmail","path":"UnEMRPatientModel.emergencyContact.emergencyContactEmail","short":"Email address of the contact","definition":"Email address of the emergency contact person","min":0,"max":"1","type":[{"code":"string"}]},{"id":"UnEMRPatientModel.provider","path":"UnEMRPatientModel.provider","short":"The provider handling the patient","definition":"The provider handling the patient","min":0,"max":"1","type":[{"code":"Reference"}]},{"id":"UnEMRPatientModel.providerReferral","path":"UnEMRPatientModel.providerReferral","short":"Provider referred by primary provider","definition":"The provider referred by the primary provider to handle the patient","min":0,"max":"1","type":[{"code":"Reference"}]},{"id":"UnEMRPatientModel.providerSelfReferral","path":"UnEMRPatientModel.providerSelfReferral","short":"Provider referred by the patient","definition":"The provider chosen by the patient for consultation. The provider is chosen from a list of providers accessible to the patient","min":0,"max":"1","type":[{"code":"Reference"}]},{"id":"UnEMRPatientModel.referralNotes","path":"UnEMRPatientModel.referralNotes","short":"Notes describing the referral","definition":"Notes describing the referral","min":0,"max":"*","type":[{"code":"string"}]},{"id":"UnEMRPatientModel.allergies","path":"UnEMRPatientModel.allergies","short":"Allergies of the patient","definition":"Allergies of the patient","min":0,"max":"*","type":[{"code":"CodeableConcept"}]},{"id":"UnEMRPatientModel.immunizations","path":"UnEMRPatientModel.immunizations","short":"Immunization history of the patient","definition":"Immunization history of the patient","min":0,"max":"*","type":[{"code":"CodeableConcept"}]},{"id":"UnEMRPatientModel.medications","path":"UnEMRPatientModel.medications","short":"Medication history of the patient","definition":"History of medications taken by the patient relevant to the current consultation","min":0,"max":"*","type":[{"code":"CodeableConcept"}]},{"id":"UnEMRPatientModel.patientNotes","path":"UnEMRPatientModel.patientNotes","short":"Additional notes about the patient","definition":"Additional notes about the patient","min":0,"max":"*","type":[{"code":"string"}]},{"id":"UnEMRPatientModel.comments","path":"UnEMRPatientModel.comments","short":"Additional comments regarding this patient record","definition":"Additional comments regarding this patient record","min":0,"max":"*","type":[{"code":"string"}]},{"id":"UnEMRPatientModel.consent","path":"UnEMRPatientModel.consent","short":"Patient consent information","definition":"Consent agreed upon by the patient regarding their patient data","min":1,"max":"1","type":[{"code":"Reference"}]},{"id":"UnEMRPatientModel.auditLog","path":"UnEMRPatientModel.auditLog","short":"Record audit log","definition":"Record audit log","min":1,"max":"1","type":[{"code":"BackboneElement"}]},{"id":"UnEMRPatientModel.auditLog.createdBy","path":"UnEMRPatientModel.auditLog.createdBy","short":"Person who created the record","definition":"Person who created the patient record","min":1,"max":"1","type":[{"code":"Reference"}]},{"id":"UnEMRPatientModel.auditLog.dateCreated","path":"UnEMRPatientModel.auditLog.dateCreated","short":"Date when the patient record was created","definition":"Date when the patient record was created","min":1,"max":"1","type":[{"code":"dateTime"}]},{"id":"UnEMRPatientModel.auditLog.lastUpdatedBy","path":"UnEMRPatientModel.auditLog.lastUpdatedBy","short":"Person who recently updated the record","definition":"Person who recently updated the record","min":1,"max":"1","type":[{"code":"Reference"}]},{"id":"UnEMRPatientModel.auditLog.dateLastUpdated","path":"UnEMRPatientModel.auditLog.dateLastUpdated","short":"Date when the patient record last updated","definition":"Date when the patient record last updated","min":1,"max":"1","type":[{"code":"dateTime"}]}]}}