{"resourceType":"ValueSet","id":"ObservationVitalsSignsVS","text":{"status":"generated","div":"<div xmlns=\"http://www.w3.org/1999/xhtml\"><ul><li>Include these codes as defined in <code>https://loinc.org</code><table class=\"none\"><tr><td style=\"white-space:nowrap\"><b>Code</b></td><td><b>Display</b></td></tr><tr><td>8310-5</td><td>Body temperature</td></tr><tr><td>35094-2</td><td>Blood pressure panel</td></tr><tr><td>8867-4</td><td>Heart rate</td></tr><tr><td>20564-1</td><td>Oxygen saturation in blood</td></tr><tr><td>9279-1</td><td>Respiratory rate</td></tr><tr><td>8302-2</td><td>Body height</td></tr><tr><td>29463-7</td><td>Body weight</td></tr><tr><td>39156-5</td><td>Body mass index (BMI)</td></tr></table></li></ul></div>"},"url":"http://fhir.usacfi.net/ValueSet/ObservationVitalsSignsVS","version":"0.1.0-test","name":"ObservationVitalsSignsVS","title":"Observation vital signs component","status":"active","date":"2021-08-07T00:05:05+00:00","publisher":"University of San Agustin - Center for Informatics","contact":[{"telecom":[{"system":"url","value":"https://usacfi.net/contact-us.html"}]}],"description":"Vital signs data usually collected","jurisdiction":[{"coding":[{"system":"http://unstats.un.org/unsd/methods/m49/m49.htm","code":"001"}]}],"compose":{"include":[{"system":"https://loinc.org","concept":[{"code":"8310-5","display":"Body temperature"},{"code":"35094-2","display":"Blood pressure panel"},{"code":"8867-4","display":"Heart rate"},{"code":"20564-1","display":"Oxygen saturation in blood"},{"code":"9279-1","display":"Respiratory rate"},{"code":"8302-2","display":"Body height"},{"code":"29463-7","display":"Body weight"},{"code":"39156-5","display":"Body mass index (BMI)"}]}]}}