{"resourceType":"StructureDefinition","id":"PatientEncounterModel","text":{"status":"extensions","div":"<div xmlns=\"http://www.w3.org/1999/xhtml\"><table border=\"0\" cellpadding=\"0\" cellspacing=\"0\" style=\"border: 0px #F0F0F0 solid; font-size: 11px; font-family: verdana; vertical-align: top;\"><tr style=\"border: 1px #F0F0F0 solid; font-size: 11px; font-family: verdana; vertical-align: top\"><th style=\"vertical-align: top; text-align : left; background-color: white; border: 0px #F0F0F0 solid; padding:0px 4px 0px 4px\" class=\"hierarchy\"><a href=\"http://hl7.org/fhir/R4/formats.html#table\" title=\"The logical name of the element\">Name</a></th><th style=\"vertical-align: top; text-align : left; background-color: white; border: 0px #F0F0F0 solid; padding:0px 4px 0px 4px\" class=\"hierarchy\"><a href=\"http://hl7.org/fhir/R4/formats.html#table\" title=\"Information about the use of the element\">Flags</a></th><th style=\"vertical-align: top; text-align : left; background-color: white; border: 0px #F0F0F0 solid; padding:0px 4px 0px 4px\" class=\"hierarchy\"><a href=\"http://hl7.org/fhir/R4/formats.html#table\" title=\"Minimum and Maximum # of times the the element can appear in the instance\">Card.</a></th><th style=\"width: 100px\" class=\"hierarchy\"><a href=\"http://hl7.org/fhir/R4/formats.html#table\" title=\"Reference to the type of the element\">Type</a></th><th style=\"vertical-align: top; text-align : left; background-color: white; border: 0px #F0F0F0 solid; padding:0px 4px 0px 4px\" class=\"hierarchy\"><a href=\"http://hl7.org/fhir/R4/formats.html#table\" title=\"Additional information about the element\">Description &amp; Constraints</a><span style=\"float: right\"><a href=\"http://hl7.org/fhir/R4/formats.html#table\" title=\"Legend for this format\"><img src=\"http://hl7.org/fhir/R4/help16.png\" alt=\"doco\" style=\"background-color: inherit\"/></a></span></th></tr><tr style=\"border: 0px #F0F0F0 solid; padding:0px; vertical-align: top; background-color: white\"><td style=\"vertical-align: top; text-align : left; background-color: white; border: 0px #F0F0F0 solid; padding:0px 4px 0px 4px; white-space: nowrap; background-image: url(tbl_bck1.png)\" class=\"hierarchy\"><img src=\"tbl_spacer.png\" alt=\".\" style=\"background-color: inherit\" class=\"hierarchy\"/><img src=\"icon_element.gif\" alt=\".\" style=\"background-color: white; background-color: inherit\" title=\"Element\" class=\"hierarchy\"/> <a href=\"StructureDefinition-PatientEncounterModel-definitions.html#PatientEncounterModel\" title=\"Logical model describing a basic patient encounter/consultation workflow generally implemented by the EMR/MRS technologies supported\">PatientEncounterModel</a><a name=\"PatientEncounterModel\"> </a></td><td style=\"vertical-align: top; text-align : left; background-color: white; border: 0px #F0F0F0 solid; padding:0px 4px 0px 4px\" class=\"hierarchy\"/><td style=\"vertical-align: top; text-align : left; background-color: white; border: 0px #F0F0F0 solid; padding:0px 4px 0px 4px\" class=\"hierarchy\"><span style=\"opacity: 0.5\">0</span><span style=\"opacity: 0.5\">..</span><span style=\"opacity: 0.5\">*</span></td><td style=\"vertical-align: top; text-align : left; background-color: white; border: 0px #F0F0F0 solid; padding:0px 4px 0px 4px\" class=\"hierarchy\"/><td style=\"vertical-align: top; text-align : left; background-color: white; border: 0px #F0F0F0 solid; padding:0px 4px 0px 4px\" class=\"hierarchy\">Patient Encounter Logical Model</td></tr>\r\n<tr style=\"border: 0px #F0F0F0 solid; padding:0px; vertical-align: top; background-color: #F7F7F7\"><td style=\"vertical-align: top; text-align : left; background-color: #F7F7F7; border: 0px #F0F0F0 solid; padding:0px 4px 0px 4px; white-space: nowrap; background-image: url(tbl_bck10.png)\" class=\"hierarchy\"><img src=\"tbl_spacer.png\" alt=\".\" style=\"background-color: inherit\" class=\"hierarchy\"/><img src=\"tbl_vjoin.png\" alt=\".\" style=\"background-color: inherit\" class=\"hierarchy\"/><img src=\"icon_reference.png\" alt=\".\" style=\"background-color: #F7F7F7; background-color: inherit\" title=\"Reference to another Resource\" class=\"hierarchy\"/> <a href=\"StructureDefinition-PatientEncounterModel-definitions.html#PatientEncounterModel.patient\" title=\"The subject of the medical consultation\">patient</a><a name=\"PatientEncounterModel.patient\"> </a></td><td style=\"vertical-align: top; text-align : left; background-color: #F7F7F7; border: 0px #F0F0F0 solid; padding:0px 4px 0px 4px\" class=\"hierarchy\"/><td style=\"vertical-align: top; text-align : left; background-color: #F7F7F7; border: 0px #F0F0F0 solid; padding:0px 4px 0px 4px\" class=\"hierarchy\">1..1</td><td style=\"vertical-align: top; text-align : left; background-color: #F7F7F7; border: 0px #F0F0F0 solid; padding:0px 4px 0px 4px\" class=\"hierarchy\"><a href=\"http://hl7.org/fhir/R4/references.html\">Reference</a>()</td><td style=\"vertical-align: top; text-align : left; background-color: #F7F7F7; border: 0px #F0F0F0 solid; padding:0px 4px 0px 4px\" class=\"hierarchy\">The subject of the medical consultation</td></tr>\r\n<tr style=\"border: 0px #F0F0F0 solid; padding:0px; vertical-align: top; background-color: white\"><td style=\"vertical-align: top; text-align : left; background-color: white; border: 0px #F0F0F0 solid; padding:0px 4px 0px 4px; white-space: nowrap; background-image: url(tbl_bck10.png)\" class=\"hierarchy\"><img src=\"tbl_spacer.png\" alt=\".\" style=\"background-color: inherit\" class=\"hierarchy\"/><img src=\"tbl_vjoin.png\" alt=\".\" style=\"background-color: inherit\" class=\"hierarchy\"/><img src=\"icon_reference.png\" alt=\".\" style=\"background-color: white; background-color: inherit\" title=\"Reference to another Resource\" class=\"hierarchy\"/> <a href=\"StructureDefinition-PatientEncounterModel-definitions.html#PatientEncounterModel.provider\" title=\"The provider handling the patient\">provider</a><a name=\"PatientEncounterModel.provider\"> </a></td><td style=\"vertical-align: top; text-align : left; background-color: white; border: 0px #F0F0F0 solid; padding:0px 4px 0px 4px\" class=\"hierarchy\"/><td style=\"vertical-align: top; text-align : left; background-color: white; border: 0px #F0F0F0 solid; padding:0px 4px 0px 4px\" class=\"hierarchy\">1..1</td><td style=\"vertical-align: top; text-align : left; background-color: white; border: 0px #F0F0F0 solid; padding:0px 4px 0px 4px\" class=\"hierarchy\"><a href=\"http://hl7.org/fhir/R4/references.html\">Reference</a>()</td><td style=\"vertical-align: top; text-align : left; background-color: white; border: 0px #F0F0F0 solid; padding:0px 4px 0px 4px\" class=\"hierarchy\">The provider handling the patient</td></tr>\r\n<tr style=\"border: 0px #F0F0F0 solid; padding:0px; vertical-align: top; background-color: #F7F7F7\"><td style=\"vertical-align: top; text-align : left; background-color: #F7F7F7; border: 0px #F0F0F0 solid; padding:0px 4px 0px 4px; white-space: nowrap; background-image: url(tbl_bck01.png)\" class=\"hierarchy\"><img src=\"tbl_spacer.png\" alt=\".\" style=\"background-color: inherit\" class=\"hierarchy\"/><img src=\"tbl_vjoin_end.png\" alt=\".\" style=\"background-color: inherit\" class=\"hierarchy\"/><img src=\"icon_datatype.gif\" alt=\".\" style=\"background-color: #F7F7F7; background-color: inherit\" title=\"Data Type\" class=\"hierarchy\"/> <a href=\"StructureDefinition-PatientEncounterModel-definitions.html#PatientEncounterModel.encounter\" title=\"Recording of the consultation event which includes complaints of the patient, the practioner handling the encounter, the observations, the diagnoses, the treatment plan, and the outcome of the consultation\">encounter</a><a name=\"PatientEncounterModel.encounter\"> </a></td><td style=\"vertical-align: top; text-align : left; background-color: #F7F7F7; border: 0px #F0F0F0 solid; padding:0px 4px 0px 4px\" class=\"hierarchy\"/><td style=\"vertical-align: top; text-align : left; background-color: #F7F7F7; border: 0px #F0F0F0 solid; padding:0px 4px 0px 4px\" class=\"hierarchy\">0..*</td><td style=\"vertical-align: top; text-align : left; background-color: #F7F7F7; border: 0px #F0F0F0 solid; padding:0px 4px 0px 4px\" class=\"hierarchy\"><a href=\"http://hl7.org/fhir/R4/datatypes.html#BackboneElement\">BackboneElement</a></td><td style=\"vertical-align: top; text-align : left; background-color: #F7F7F7; border: 0px #F0F0F0 solid; padding:0px 4px 0px 4px\" class=\"hierarchy\">Recording of the consultation<br/></td></tr>\r\n<tr style=\"border: 0px #F0F0F0 solid; padding:0px; vertical-align: top; background-color: white\"><td style=\"vertical-align: top; text-align : left; background-color: white; border: 0px #F0F0F0 solid; padding:0px 4px 0px 4px; white-space: nowrap; background-image: url(tbl_bck010.png)\" class=\"hierarchy\"><img src=\"tbl_spacer.png\" alt=\".\" style=\"background-color: inherit\" class=\"hierarchy\"/><img src=\"tbl_blank.png\" alt=\".\" style=\"background-color: inherit\" class=\"hierarchy\"/><img src=\"tbl_vjoin.png\" alt=\".\" style=\"background-color: inherit\" class=\"hierarchy\"/><img src=\"icon_primitive.png\" alt=\".\" style=\"background-color: white; background-color: inherit\" title=\"Primitive Data Type\" class=\"hierarchy\"/> <a href=\"StructureDefinition-PatientEncounterModel-definitions.html#PatientEncounterModel.encounter.dateOfEncounter\" title=\"Date of consultation\">dateOfEncounter</a><a name=\"PatientEncounterModel.encounter.dateOfEncounter\"> </a></td><td style=\"vertical-align: top; text-align : left; background-color: white; border: 0px #F0F0F0 solid; padding:0px 4px 0px 4px\" class=\"hierarchy\"/><td style=\"vertical-align: top; text-align : left; background-color: white; border: 0px #F0F0F0 solid; padding:0px 4px 0px 4px\" class=\"hierarchy\">1..1</td><td style=\"vertical-align: top; text-align : left; background-color: white; border: 0px #F0F0F0 solid; padding:0px 4px 0px 4px\" class=\"hierarchy\"><a href=\"http://hl7.org/fhir/R4/datatypes.html#dateTime\">dateTime</a></td><td style=\"vertical-align: top; text-align : left; background-color: white; border: 0px #F0F0F0 solid; padding:0px 4px 0px 4px\" class=\"hierarchy\">Date of consultation</td></tr>\r\n<tr style=\"border: 0px #F0F0F0 solid; padding:0px; vertical-align: top; background-color: #F7F7F7\"><td style=\"vertical-align: top; text-align : left; background-color: #F7F7F7; border: 0px #F0F0F0 solid; padding:0px 4px 0px 4px; white-space: nowrap; background-image: url(tbl_bck010.png)\" class=\"hierarchy\"><img src=\"tbl_spacer.png\" alt=\".\" style=\"background-color: inherit\" class=\"hierarchy\"/><img src=\"tbl_blank.png\" alt=\".\" style=\"background-color: inherit\" class=\"hierarchy\"/><img src=\"tbl_vjoin.png\" alt=\".\" style=\"background-color: inherit\" class=\"hierarchy\"/><img src=\"icon_datatype.gif\" alt=\".\" style=\"background-color: #F7F7F7; background-color: inherit\" title=\"Data Type\" class=\"hierarchy\"/> <a href=\"StructureDefinition-PatientEncounterModel-definitions.html#PatientEncounterModel.encounter.purposeOfEncounter\" title=\"Purpose of consultation (e.g. check-up, follow-up, new health issue)\">purposeOfEncounter</a><a name=\"PatientEncounterModel.encounter.purposeOfEncounter\"> </a></td><td style=\"vertical-align: top; text-align : left; background-color: #F7F7F7; border: 0px #F0F0F0 solid; padding:0px 4px 0px 4px\" class=\"hierarchy\"/><td style=\"vertical-align: top; text-align : left; background-color: #F7F7F7; border: 0px #F0F0F0 solid; padding:0px 4px 0px 4px\" class=\"hierarchy\">1..1</td><td style=\"vertical-align: top; text-align : left; background-color: #F7F7F7; border: 0px #F0F0F0 solid; padding:0px 4px 0px 4px\" class=\"hierarchy\"><a href=\"http://hl7.org/fhir/R4/datatypes.html#CodeableConcept\">CodeableConcept</a></td><td style=\"vertical-align: top; text-align : left; background-color: #F7F7F7; border: 0px #F0F0F0 solid; padding:0px 4px 0px 4px\" class=\"hierarchy\">Purpose of consultation</td></tr>\r\n<tr style=\"border: 0px #F0F0F0 solid; padding:0px; vertical-align: top; background-color: white\"><td style=\"vertical-align: top; text-align : left; background-color: white; border: 0px #F0F0F0 solid; padding:0px 4px 0px 4px; white-space: nowrap; background-image: url(tbl_bck010.png)\" class=\"hierarchy\"><img src=\"tbl_spacer.png\" alt=\".\" style=\"background-color: inherit\" class=\"hierarchy\"/><img src=\"tbl_blank.png\" alt=\".\" style=\"background-color: inherit\" class=\"hierarchy\"/><img src=\"tbl_vjoin.png\" alt=\".\" style=\"background-color: inherit\" class=\"hierarchy\"/><img src=\"icon_datatype.gif\" alt=\".\" style=\"background-color: white; background-color: inherit\" title=\"Data Type\" class=\"hierarchy\"/> <a href=\"StructureDefinition-PatientEncounterModel-definitions.html#PatientEncounterModel.encounter.complaints\" title=\"Issues and complaints reported by the patient\">complaints</a><a name=\"PatientEncounterModel.encounter.complaints\"> </a></td><td style=\"vertical-align: top; text-align : left; background-color: white; border: 0px #F0F0F0 solid; padding:0px 4px 0px 4px\" class=\"hierarchy\"/><td style=\"vertical-align: top; text-align : left; background-color: white; border: 0px #F0F0F0 solid; padding:0px 4px 0px 4px\" class=\"hierarchy\">0..*</td><td style=\"vertical-align: top; text-align : left; background-color: white; border: 0px #F0F0F0 solid; padding:0px 4px 0px 4px\" class=\"hierarchy\"><a href=\"http://hl7.org/fhir/R4/datatypes.html#CodeableConcept\">CodeableConcept</a></td><td style=\"vertical-align: top; text-align : left; background-color: white; border: 0px #F0F0F0 solid; padding:0px 4px 0px 4px\" class=\"hierarchy\">Issues and complaints from the patient<br/></td></tr>\r\n<tr style=\"border: 0px #F0F0F0 solid; padding:0px; vertical-align: top; background-color: #F7F7F7\"><td style=\"vertical-align: top; text-align : left; background-color: #F7F7F7; border: 0px #F0F0F0 solid; padding:0px 4px 0px 4px; white-space: nowrap; background-image: url(tbl_bck010.png)\" class=\"hierarchy\"><img src=\"tbl_spacer.png\" alt=\".\" style=\"background-color: inherit\" class=\"hierarchy\"/><img src=\"tbl_blank.png\" alt=\".\" style=\"background-color: inherit\" class=\"hierarchy\"/><img src=\"tbl_vjoin.png\" alt=\".\" style=\"background-color: inherit\" class=\"hierarchy\"/><img src=\"icon_datatype.gif\" alt=\".\" style=\"background-color: #F7F7F7; background-color: inherit\" title=\"Data Type\" class=\"hierarchy\"/> <a href=\"StructureDefinition-PatientEncounterModel-definitions.html#PatientEncounterModel.encounter.observations\" title=\"Procedures performed by the provider to assess and diagnose the issue. Values typically selected from LOINC codes\">observations</a><a name=\"PatientEncounterModel.encounter.observations\"> </a></td><td style=\"vertical-align: top; text-align : left; background-color: #F7F7F7; border: 0px #F0F0F0 solid; padding:0px 4px 0px 4px\" class=\"hierarchy\"/><td style=\"vertical-align: top; text-align : left; background-color: #F7F7F7; border: 0px #F0F0F0 solid; padding:0px 4px 0px 4px\" class=\"hierarchy\">0..*</td><td style=\"vertical-align: top; text-align : left; background-color: #F7F7F7; border: 0px #F0F0F0 solid; padding:0px 4px 0px 4px\" class=\"hierarchy\"><a href=\"http://hl7.org/fhir/R4/datatypes.html#CodeableConcept\">CodeableConcept</a></td><td style=\"vertical-align: top; text-align : left; background-color: #F7F7F7; border: 0px #F0F0F0 solid; padding:0px 4px 0px 4px\" class=\"hierarchy\">Procedures performed by the provider for assessment<br/></td></tr>\r\n<tr style=\"border: 0px #F0F0F0 solid; padding:0px; vertical-align: top; background-color: white\"><td style=\"vertical-align: top; text-align : left; background-color: white; border: 0px #F0F0F0 solid; padding:0px 4px 0px 4px; white-space: nowrap; background-image: url(tbl_bck010.png)\" class=\"hierarchy\"><img src=\"tbl_spacer.png\" alt=\".\" style=\"background-color: inherit\" class=\"hierarchy\"/><img src=\"tbl_blank.png\" alt=\".\" style=\"background-color: inherit\" class=\"hierarchy\"/><img src=\"tbl_vjoin.png\" alt=\".\" style=\"background-color: inherit\" class=\"hierarchy\"/><img src=\"icon_datatype.gif\" alt=\".\" style=\"background-color: white; background-color: inherit\" title=\"Data Type\" class=\"hierarchy\"/> <a href=\"StructureDefinition-PatientEncounterModel-definitions.html#PatientEncounterModel.encounter.diagnosis\" title=\"Diagnosis of the issue. Values typically selected from SNOMED CT or ICD-10 codes\">diagnosis</a><a name=\"PatientEncounterModel.encounter.diagnosis\"> </a></td><td style=\"vertical-align: top; text-align : left; background-color: white; border: 0px #F0F0F0 solid; padding:0px 4px 0px 4px\" class=\"hierarchy\"/><td style=\"vertical-align: top; text-align : left; background-color: white; border: 0px #F0F0F0 solid; padding:0px 4px 0px 4px\" class=\"hierarchy\">0..*</td><td style=\"vertical-align: top; text-align : left; background-color: white; border: 0px #F0F0F0 solid; padding:0px 4px 0px 4px\" class=\"hierarchy\"><a href=\"http://hl7.org/fhir/R4/datatypes.html#CodeableConcept\">CodeableConcept</a></td><td style=\"vertical-align: top; text-align : left; background-color: white; border: 0px #F0F0F0 solid; padding:0px 4px 0px 4px\" class=\"hierarchy\">Diagnosis of the issue<br/></td></tr>\r\n<tr style=\"border: 0px #F0F0F0 solid; padding:0px; vertical-align: top; background-color: #F7F7F7\"><td style=\"vertical-align: top; text-align : left; background-color: #F7F7F7; border: 0px #F0F0F0 solid; padding:0px 4px 0px 4px; white-space: nowrap; background-image: url(tbl_bck010.png)\" class=\"hierarchy\"><img src=\"tbl_spacer.png\" alt=\".\" style=\"background-color: inherit\" class=\"hierarchy\"/><img src=\"tbl_blank.png\" alt=\".\" style=\"background-color: inherit\" class=\"hierarchy\"/><img src=\"tbl_vjoin.png\" alt=\".\" style=\"background-color: inherit\" class=\"hierarchy\"/><img src=\"icon_primitive.png\" alt=\".\" style=\"background-color: #F7F7F7; background-color: inherit\" title=\"Primitive Data Type\" class=\"hierarchy\"/> <a href=\"StructureDefinition-PatientEncounterModel-definitions.html#PatientEncounterModel.encounter.treatmentPlan\" title=\"Treatment plan to resolve issue\">treatmentPlan</a><a name=\"PatientEncounterModel.encounter.treatmentPlan\"> </a></td><td style=\"vertical-align: top; text-align : left; background-color: #F7F7F7; border: 0px #F0F0F0 solid; padding:0px 4px 0px 4px\" class=\"hierarchy\"/><td style=\"vertical-align: top; text-align : left; background-color: #F7F7F7; border: 0px #F0F0F0 solid; padding:0px 4px 0px 4px\" class=\"hierarchy\">0..1</td><td style=\"vertical-align: top; text-align : left; background-color: #F7F7F7; border: 0px #F0F0F0 solid; padding:0px 4px 0px 4px\" class=\"hierarchy\"><a href=\"http://hl7.org/fhir/R4/datatypes.html#string\">string</a></td><td style=\"vertical-align: top; text-align : left; background-color: #F7F7F7; border: 0px #F0F0F0 solid; padding:0px 4px 0px 4px\" class=\"hierarchy\">Treatment plan to resolve issue</td></tr>\r\n<tr style=\"border: 0px #F0F0F0 solid; padding:0px; vertical-align: top; background-color: white\"><td style=\"vertical-align: top; text-align : left; background-color: white; border: 0px #F0F0F0 solid; padding:0px 4px 0px 4px; white-space: nowrap; background-image: url(tbl_bck010.png)\" class=\"hierarchy\"><img src=\"tbl_spacer.png\" alt=\".\" style=\"background-color: inherit\" class=\"hierarchy\"/><img src=\"tbl_blank.png\" alt=\".\" style=\"background-color: inherit\" class=\"hierarchy\"/><img src=\"tbl_vjoin.png\" alt=\".\" style=\"background-color: inherit\" class=\"hierarchy\"/><img src=\"icon_primitive.png\" alt=\".\" style=\"background-color: white; background-color: inherit\" title=\"Primitive Data Type\" class=\"hierarchy\"/> <a href=\"StructureDefinition-PatientEncounterModel-definitions.html#PatientEncounterModel.encounter.medicationInstruction\" title=\"Medications prescribed by the provider\">medicationInstruction</a><a name=\"PatientEncounterModel.encounter.medicationInstruction\"> </a></td><td style=\"vertical-align: top; text-align : left; background-color: white; border: 0px #F0F0F0 solid; padding:0px 4px 0px 4px\" class=\"hierarchy\"/><td style=\"vertical-align: top; text-align : left; background-color: white; border: 0px #F0F0F0 solid; padding:0px 4px 0px 4px\" class=\"hierarchy\">0..1</td><td style=\"vertical-align: top; text-align : left; background-color: white; border: 0px #F0F0F0 solid; padding:0px 4px 0px 4px\" class=\"hierarchy\"><a href=\"http://hl7.org/fhir/R4/datatypes.html#string\">string</a></td><td style=\"vertical-align: top; text-align : left; background-color: white; border: 0px #F0F0F0 solid; padding:0px 4px 0px 4px\" class=\"hierarchy\">Medications prescribed by the provider</td></tr>\r\n<tr style=\"border: 0px #F0F0F0 solid; padding:0px; vertical-align: top; background-color: #F7F7F7\"><td style=\"vertical-align: top; text-align : left; background-color: #F7F7F7; border: 0px #F0F0F0 solid; padding:0px 4px 0px 4px; white-space: nowrap; background-image: url(tbl_bck010.png)\" class=\"hierarchy\"><img src=\"tbl_spacer.png\" alt=\".\" style=\"background-color: inherit\" class=\"hierarchy\"/><img src=\"tbl_blank.png\" alt=\".\" style=\"background-color: inherit\" class=\"hierarchy\"/><img src=\"tbl_vjoin.png\" alt=\".\" style=\"background-color: inherit\" class=\"hierarchy\"/><img src=\"icon_datatype.gif\" alt=\".\" style=\"background-color: #F7F7F7; background-color: inherit\" title=\"Data Type\" class=\"hierarchy\"/> <a href=\"StructureDefinition-PatientEncounterModel-definitions.html#PatientEncounterModel.encounter.outcomeOfEncounter\" title=\"Describes whether the treatment was a success or not\">outcomeOfEncounter</a><a name=\"PatientEncounterModel.encounter.outcomeOfEncounter\"> </a></td><td style=\"vertical-align: top; text-align : left; background-color: #F7F7F7; border: 0px #F0F0F0 solid; padding:0px 4px 0px 4px\" class=\"hierarchy\"/><td style=\"vertical-align: top; text-align : left; background-color: #F7F7F7; border: 0px #F0F0F0 solid; padding:0px 4px 0px 4px\" class=\"hierarchy\">0..1</td><td style=\"vertical-align: top; text-align : left; background-color: #F7F7F7; border: 0px #F0F0F0 solid; padding:0px 4px 0px 4px\" class=\"hierarchy\"><a href=\"http://hl7.org/fhir/R4/datatypes.html#CodeableConcept\">CodeableConcept</a></td><td style=\"vertical-align: top; text-align : left; background-color: #F7F7F7; border: 0px #F0F0F0 solid; padding:0px 4px 0px 4px\" class=\"hierarchy\">Outcome of the consultation</td></tr>\r\n<tr style=\"border: 0px #F0F0F0 solid; padding:0px; vertical-align: top; background-color: white\"><td style=\"vertical-align: top; text-align : left; background-color: white; border: 0px #F0F0F0 solid; padding:0px 4px 0px 4px; white-space: nowrap; background-image: url(tbl_bck000.png)\" class=\"hierarchy\"><img src=\"tbl_spacer.png\" alt=\".\" style=\"background-color: inherit\" class=\"hierarchy\"/><img src=\"tbl_blank.png\" alt=\".\" style=\"background-color: inherit\" class=\"hierarchy\"/><img src=\"tbl_vjoin_end.png\" alt=\".\" style=\"background-color: inherit\" class=\"hierarchy\"/><img src=\"icon_primitive.png\" alt=\".\" style=\"background-color: white; background-color: inherit\" title=\"Primitive Data Type\" class=\"hierarchy\"/> <a href=\"StructureDefinition-PatientEncounterModel-definitions.html#PatientEncounterModel.encounter.notes\" title=\"Additional notes or comments\">notes</a><a name=\"PatientEncounterModel.encounter.notes\"> </a></td><td style=\"vertical-align: top; text-align : left; background-color: white; border: 0px #F0F0F0 solid; padding:0px 4px 0px 4px\" class=\"hierarchy\"/><td style=\"vertical-align: top; text-align : left; background-color: white; border: 0px #F0F0F0 solid; padding:0px 4px 0px 4px\" class=\"hierarchy\">0..1</td><td style=\"vertical-align: top; text-align : left; background-color: white; border: 0px #F0F0F0 solid; padding:0px 4px 0px 4px\" class=\"hierarchy\"><a href=\"http://hl7.org/fhir/R4/datatypes.html#string\">string</a></td><td style=\"vertical-align: top; text-align : left; background-color: white; border: 0px #F0F0F0 solid; padding:0px 4px 0px 4px\" class=\"hierarchy\">Additional notes or comments</td></tr>\r\n<tr><td colspan=\"5\" class=\"hierarchy\"><br/><a href=\"http://hl7.org/fhir/R4/formats.html#table\" title=\"Legend for this format\"><img src=\"http://hl7.org/fhir/R4/help16.png\" alt=\"doco\" style=\"background-color: inherit\"/> Documentation for this format</a></td></tr></table></div>"},"url":"http://fhir.usacfi.net/StructureDefinition/PatientEncounterModel","version":"0.1.0-test","name":"PatientEncounterModel","title":"Patient Encounter Logical Model","status":"active","date":"2021-08-06T20:48:25+00:00","publisher":"University of San Agustin - Center for Informatics","contact":[{"telecom":[{"system":"url","value":"usacfi.net/contact-us.html"}]}],"description":"Logical model describing a basic patient encounter/consultation workflow generally implemented by the EMR/MRS technologies supported","jurisdiction":[{"coding":[{"system":"http://unstats.un.org/unsd/methods/m49/m49.htm","code":"001"}]}],"fhirVersion":"4.0.1","mapping":[{"identity":"rim","uri":"http://hl7.org/v3","name":"RIM Mapping"}],"kind":"logical","abstract":false,"type":"http://fhir.usacfi.net/StructureDefinition/PatientEncounterModel","baseDefinition":"http://hl7.org/fhir/StructureDefinition/Base","derivation":"specialization","snapshot":{"element":[{"id":"PatientEncounterModel","path":"PatientEncounterModel","short":"Patient Encounter Logical Model","definition":"Logical model describing a basic patient encounter/consultation workflow generally implemented by the EMR/MRS technologies supported","min":0,"max":"*","base":{"path":"Base","min":0,"max":"*"},"isModifier":false},{"id":"PatientEncounterModel.patient","path":"PatientEncounterModel.patient","short":"The subject of the medical consultation","definition":"The subject of the medical consultation","min":1,"max":"1","base":{"path":"PatientEncounterModel.patient","min":1,"max":"1"},"type":[{"code":"Reference"}]},{"id":"PatientEncounterModel.provider","path":"PatientEncounterModel.provider","short":"The provider handling the patient","definition":"The provider handling the patient","min":1,"max":"1","base":{"path":"PatientEncounterModel.provider","min":1,"max":"1"},"type":[{"code":"Reference"}]},{"id":"PatientEncounterModel.encounter","path":"PatientEncounterModel.encounter","short":"Recording of the consultation","definition":"Recording of the consultation event which includes complaints of the patient, the practioner handling the encounter, the observations, the diagnoses, the treatment plan, and the outcome of the consultation","min":0,"max":"*","base":{"path":"PatientEncounterModel.encounter","min":0,"max":"*"},"type":[{"code":"BackboneElement"}]},{"id":"PatientEncounterModel.encounter.dateOfEncounter","path":"PatientEncounterModel.encounter.dateOfEncounter","short":"Date of consultation","definition":"Date of consultation","min":1,"max":"1","base":{"path":"PatientEncounterModel.encounter.dateOfEncounter","min":1,"max":"1"},"type":[{"code":"dateTime"}]},{"id":"PatientEncounterModel.encounter.purposeOfEncounter","path":"PatientEncounterModel.encounter.purposeOfEncounter","short":"Purpose of consultation","definition":"Purpose of consultation (e.g. check-up, follow-up, new health issue)","min":1,"max":"1","base":{"path":"PatientEncounterModel.encounter.purposeOfEncounter","min":1,"max":"1"},"type":[{"code":"CodeableConcept"}]},{"id":"PatientEncounterModel.encounter.complaints","path":"PatientEncounterModel.encounter.complaints","short":"Issues and complaints from the patient","definition":"Issues and complaints reported by the patient","min":0,"max":"*","base":{"path":"PatientEncounterModel.encounter.complaints","min":0,"max":"*"},"type":[{"code":"CodeableConcept"}]},{"id":"PatientEncounterModel.encounter.observations","path":"PatientEncounterModel.encounter.observations","short":"Procedures performed by the provider for assessment","definition":"Procedures performed by the provider to assess and diagnose the issue. Values typically selected from LOINC codes","min":0,"max":"*","base":{"path":"PatientEncounterModel.encounter.observations","min":0,"max":"*"},"type":[{"code":"CodeableConcept"}]},{"id":"PatientEncounterModel.encounter.diagnosis","path":"PatientEncounterModel.encounter.diagnosis","short":"Diagnosis of the issue","definition":"Diagnosis of the issue. Values typically selected from SNOMED CT or ICD-10 codes","min":0,"max":"*","base":{"path":"PatientEncounterModel.encounter.diagnosis","min":0,"max":"*"},"type":[{"code":"CodeableConcept"}]},{"id":"PatientEncounterModel.encounter.treatmentPlan","path":"PatientEncounterModel.encounter.treatmentPlan","short":"Treatment plan to resolve issue","definition":"Treatment plan to resolve issue","min":0,"max":"1","base":{"path":"PatientEncounterModel.encounter.treatmentPlan","min":0,"max":"1"},"type":[{"code":"string"}]},{"id":"PatientEncounterModel.encounter.medicationInstruction","path":"PatientEncounterModel.encounter.medicationInstruction","short":"Medications prescribed by the provider","definition":"Medications prescribed by the provider","min":0,"max":"1","base":{"path":"PatientEncounterModel.encounter.medicationInstruction","min":0,"max":"1"},"type":[{"code":"string"}]},{"id":"PatientEncounterModel.encounter.outcomeOfEncounter","path":"PatientEncounterModel.encounter.outcomeOfEncounter","short":"Outcome of the consultation","definition":"Describes whether the treatment was a success or not","min":0,"max":"1","base":{"path":"PatientEncounterModel.encounter.outcomeOfEncounter","min":0,"max":"1"},"type":[{"code":"CodeableConcept"}]},{"id":"PatientEncounterModel.encounter.notes","path":"PatientEncounterModel.encounter.notes","short":"Additional notes or comments","definition":"Additional notes or comments","min":0,"max":"1","base":{"path":"PatientEncounterModel.encounter.notes","min":0,"max":"1"},"type":[{"code":"string"}]}]},"differential":{"element":[{"id":"PatientEncounterModel","path":"PatientEncounterModel","short":"Patient Encounter Logical Model","definition":"Logical model describing a basic patient encounter/consultation workflow generally implemented by the EMR/MRS technologies supported"},{"id":"PatientEncounterModel.patient","path":"PatientEncounterModel.patient","short":"The subject of the medical consultation","definition":"The subject of the medical consultation","min":1,"max":"1","type":[{"code":"Reference"}]},{"id":"PatientEncounterModel.provider","path":"PatientEncounterModel.provider","short":"The provider handling the patient","definition":"The provider handling the patient","min":1,"max":"1","type":[{"code":"Reference"}]},{"id":"PatientEncounterModel.encounter","path":"PatientEncounterModel.encounter","short":"Recording of the consultation","definition":"Recording of the consultation event which includes complaints of the patient, the practioner handling the encounter, the observations, the diagnoses, the treatment plan, and the outcome of the consultation","min":0,"max":"*","type":[{"code":"BackboneElement"}]},{"id":"PatientEncounterModel.encounter.dateOfEncounter","path":"PatientEncounterModel.encounter.dateOfEncounter","short":"Date of consultation","definition":"Date of consultation","min":1,"max":"1","type":[{"code":"dateTime"}]},{"id":"PatientEncounterModel.encounter.purposeOfEncounter","path":"PatientEncounterModel.encounter.purposeOfEncounter","short":"Purpose of consultation","definition":"Purpose of consultation (e.g. check-up, follow-up, new health issue)","min":1,"max":"1","type":[{"code":"CodeableConcept"}]},{"id":"PatientEncounterModel.encounter.complaints","path":"PatientEncounterModel.encounter.complaints","short":"Issues and complaints from the patient","definition":"Issues and complaints reported by the patient","min":0,"max":"*","type":[{"code":"CodeableConcept"}]},{"id":"PatientEncounterModel.encounter.observations","path":"PatientEncounterModel.encounter.observations","short":"Procedures performed by the provider for assessment","definition":"Procedures performed by the provider to assess and diagnose the issue. Values typically selected from LOINC codes","min":0,"max":"*","type":[{"code":"CodeableConcept"}]},{"id":"PatientEncounterModel.encounter.diagnosis","path":"PatientEncounterModel.encounter.diagnosis","short":"Diagnosis of the issue","definition":"Diagnosis of the issue. Values typically selected from SNOMED CT or ICD-10 codes","min":0,"max":"*","type":[{"code":"CodeableConcept"}]},{"id":"PatientEncounterModel.encounter.treatmentPlan","path":"PatientEncounterModel.encounter.treatmentPlan","short":"Treatment plan to resolve issue","definition":"Treatment plan to resolve issue","min":0,"max":"1","type":[{"code":"string"}]},{"id":"PatientEncounterModel.encounter.medicationInstruction","path":"PatientEncounterModel.encounter.medicationInstruction","short":"Medications prescribed by the provider","definition":"Medications prescribed by the provider","min":0,"max":"1","type":[{"code":"string"}]},{"id":"PatientEncounterModel.encounter.outcomeOfEncounter","path":"PatientEncounterModel.encounter.outcomeOfEncounter","short":"Outcome of the consultation","definition":"Describes whether the treatment was a success or not","min":0,"max":"1","type":[{"code":"CodeableConcept"}]},{"id":"PatientEncounterModel.encounter.notes","path":"PatientEncounterModel.encounter.notes","short":"Additional notes or comments","definition":"Additional notes or comments","min":0,"max":"1","type":[{"code":"string"}]}]}}